{"description":"Defines environments in which to run DSX notebooks, including (virtual) hardware as well as a software specification with custom libraries","fields":[{"key":"sub_type","type":"string","facet":true,"is_array":false,"is_searchable_across_types":false},{"key":"display_name","type":"string","facet":true,"is_array":false,"is_searchable_across_types":false},{"key":"software_specification","type":"object","facet":false,"is_array":false,"is_searchable_across_types":false},{"key":"hardware_specification","type":"object","facet":false,"is_array":false,"is_searchable_across_types":false}],"relationships":[],"name":"environment","version":1}