{"metadata":{"asset_id":"4974b32a-55df-48bd-ba8e-58fe98cb8138","asset_attributes":["data_asset"],"name":"customer_churn_quality_feedback.csv","asset_type":"data_asset","created_at":"2020-04-16T16:08:45Z","description":"","origin_country":"us","owner_id":"1000331155","project_id":"3da44819-009f-4851-90fb-7fbc5a6f6fbf","sandbox_id":"3da44819-009f-4851-90fb-7fbc5a6f6fbf","size":3680,"tags":[],"usage":{"last_update_time":1587053325412,"last_updated_at":"2020-04-16T16:08:45Z"}},"entity":{"data_asset":{"mime_type":"text/csv","dataset":false}},"attachments":[{"id":"438d857e-1ec7-47ec-b56b-02dfedb3ea32","version":2,"asset_type":"data_asset","name":"ENHANCED_CUSTOMER_HISTORY_AUTOAI_FEEDBACK.csv","mime":"text/csv","object_key":"data_asset/ENHANCED_CUSTOMER_HISTORY_AUTOAI_FEEDBACK.csv","create_time":1587053325321,"size":3680,"is_remote":false,"is_managed":false,"is_referenced":true,"is_object_key_read_only":false,"is_user_provided_path_key":true,"transfer_complete":true,"is_partitioned":false,"complete_time_ticks":1587053325321,"user_data":{},"test_doc":0,"handle":{"key":"data_asset/ENHANCED_CUSTOMER_HISTORY_AUTOAI_FEEDBACK.csv","upload_id":"done","max_part_num":1},"usage":{"access_count":0,"last_accessor_id":"icp4d-dev","last_access_time":1587053325321}}]}