{"metadata":{"asset_id":"49e1c461-774a-4b61-b21d-006a2ec18b08","asset_attributes":["notebook"],"name":"Data Preparation using Data Refinery","asset_type":"notebook","created_at":"2020-04-16T16:08:45Z","description":"","origin_country":"us","owner_id":"1000331155","project_id":"3da44819-009f-4851-90fb-7fbc5a6f6fbf","sandbox_id":"3da44819-009f-4851-90fb-7fbc5a6f6fbf","size":5875939,"tags":["notebook"],"usage":{"last_update_time":1587082032374,"last_updated_at":"2020-04-17T00:07:12Z"}},"entity":{"notebook":{"kernel":{"name":"python3","display_name":"Python 3.6","language":"python"},"originates_from":{"type":"file"},"runtime":{"environment":"jupconda36-3da44819-009f-4851-90fb-7fbc5a6f6fbf"}}},"attachments":[{"id":"838265dd-8aa0-4313-b259-af8fed5d9c3c","version":2,"asset_type":"notebook","name":"attachment for notebook 49e1c461-774a-4b61-b21d-006a2ec18b08","description":"attachment for notebook 49e1c461-774a-4b61-b21d-006a2ec18b08","mime":"application/json","object_key":"notebook/Data_Preparation_using_Data_Refinery_EEp_Sj4Qq.ipynb","create_time":1587053326106,"size":5875939,"is_remote":false,"is_managed":false,"is_referenced":true,"is_object_key_read_only":false,"is_user_provided_path_key":true,"transfer_complete":true,"is_partitioned":false,"complete_time_ticks":1587053326106,"user_data":{},"test_doc":0,"handle":{"key":"notebook/Data_Preparation_using_Data_Refinery_EEp_Sj4Qq.ipynb","upload_id":"done","max_part_num":1},"usage":{"access_count":0,"last_accessor_id":"icp4d-dev","last_access_time":1587053326106}}]}