{"metadata":{"asset_id":"3a5bbe22-da16-490d-82bb-15dca365e6ec","asset_attributes":["notebook"],"name":"Configuration of Open Scale for a specific Model","asset_type":"notebook","created_at":"2020-04-16T16:08:46Z","description":"","origin_country":"us","owner_id":"1000331155","project_id":"3da44819-009f-4851-90fb-7fbc5a6f6fbf","sandbox_id":"3da44819-009f-4851-90fb-7fbc5a6f6fbf","size":825857,"tags":["notebook"],"usage":{"last_update_time":1587082126035,"last_updated_at":"2020-04-17T00:08:46Z"}},"entity":{"notebook":{"kernel":{"name":"python3","display_name":"Python 3.6","language":"python"},"originates_from":{"type":"file"},"runtime":{"environment":"jupconda36-3da44819-009f-4851-90fb-7fbc5a6f6fbf"}}},"attachments":[{"id":"d484f166-1569-4a9f-8753-e12e5e352472","version":2,"asset_type":"notebook","name":"attachment for notebook 3a5bbe22-da16-490d-82bb-15dca365e6ec","description":"attachment for notebook 3a5bbe22-da16-490d-82bb-15dca365e6ec","mime":"application/json","object_key":"notebook/Step5_-_Add_Deployment_and_Configure_Mod_6hbCyePRu.ipynb","create_time":1587053326610,"size":825857,"is_remote":false,"is_managed":false,"is_referenced":true,"is_object_key_read_only":false,"is_user_provided_path_key":true,"transfer_complete":true,"is_partitioned":false,"complete_time_ticks":1587053326610,"user_data":{},"test_doc":0,"handle":{"key":"notebook/Step5_-_Add_Deployment_and_Configure_Mod_6hbCyePRu.ipynb","upload_id":"done","max_part_num":1},"usage":{"access_count":0,"last_accessor_id":"icp4d-dev","last_access_time":1587053326610}}]}