{"metadata":{"asset_id":"8b6ee382-4c48-46ca-a4e5-a3e6dda6df0f","asset_attributes":["notebook"],"name":"Getting Prediction from Model using REST for consuming Insight","asset_type":"notebook","created_at":"2020-04-16T16:08:45Z","description":"","origin_country":"us","owner_id":"1000331155","project_id":"3da44819-009f-4851-90fb-7fbc5a6f6fbf","sandbox_id":"3da44819-009f-4851-90fb-7fbc5a6f6fbf","size":302173,"tags":["notebook"],"usage":{"last_update_time":1587056328842,"last_updated_at":"2020-04-16T16:58:48Z"}},"entity":{"notebook":{"kernel":{"name":"python3","display_name":"Python 3.6","language":"python"},"originates_from":{"type":"file"},"runtime":{"environment":"jupconda36-3da44819-009f-4851-90fb-7fbc5a6f6fbf"}}},"attachments":[{"id":"4c1ae482-8415-4e1c-8429-df6d6322cd08","version":2,"asset_type":"notebook","name":"attachment for notebook 8b6ee382-4c48-46ca-a4e5-a3e6dda6df0f","description":"attachment for notebook 8b6ee382-4c48-46ca-a4e5-a3e6dda6df0f","mime":"application/json","object_key":"notebook/Getting_Prediction_from_Model_using_REST_96kAQkJMX.ipynb","create_time":1587053326101,"size":302173,"is_remote":false,"is_managed":false,"is_referenced":true,"is_object_key_read_only":false,"is_user_provided_path_key":true,"transfer_complete":true,"is_partitioned":false,"complete_time_ticks":1587053326101,"user_data":{},"test_doc":0,"handle":{"key":"notebook/Getting_Prediction_from_Model_using_REST_96kAQkJMX.ipynb","upload_id":"done","max_part_num":1},"usage":{"access_count":0,"last_accessor_id":"icp4d-dev","last_access_time":1587053326101}}]}