{"metadata":{"asset_id":"05b35781-2017-4608-83ea-453aa1ac96ee","asset_attributes":["notebook"],"name":"Deployment of Model using Watson Machine Learning","asset_type":"notebook","created_at":"2020-04-16T16:08:45Z","description":"","origin_country":"us","owner_id":"1000331155","project_id":"3da44819-009f-4851-90fb-7fbc5a6f6fbf","sandbox_id":"3da44819-009f-4851-90fb-7fbc5a6f6fbf","size":1859786,"tags":["notebook"],"usage":{"last_update_time":1587081123713,"last_updated_at":"2020-04-16T23:52:03Z"}},"entity":{"notebook":{"kernel":{"name":"python3","display_name":"Python 3.6","language":"python"},"originates_from":{"type":"file"},"runtime":{"environment":"jupconda36-3da44819-009f-4851-90fb-7fbc5a6f6fbf"}}},"attachments":[{"id":"77a7d5cf-ecc4-4def-b5c0-feb1d2f9352c","version":2,"asset_type":"notebook","name":"attachment for notebook 05b35781-2017-4608-83ea-453aa1ac96ee","description":"attachment for notebook 05b35781-2017-4608-83ea-453aa1ac96ee","mime":"application/json","object_key":"notebook/Step_3_-_Deploy_Model_to_WML_using_API_copy_1_NynANTi2P.ipynb","create_time":1587053326118,"size":1859786,"is_remote":false,"is_managed":false,"is_referenced":true,"is_object_key_read_only":false,"is_user_provided_path_key":true,"transfer_complete":true,"is_partitioned":false,"complete_time_ticks":1587053326118,"user_data":{},"test_doc":0,"handle":{"key":"notebook/Step_3_-_Deploy_Model_to_WML_using_API_copy_1_NynANTi2P.ipynb","upload_id":"done","max_part_num":1},"usage":{"access_count":0,"last_accessor_id":"icp4d-dev","last_access_time":1587053326118}}]}