{"metadata":{"asset_id":"959b3248-518b-4ee9-9d65-84c684837c9a","asset_attributes":["notebook"],"name":"Configuration of Monitors in Watson Open Scale for a specific Model","asset_type":"notebook","created_at":"2020-04-16T16:08:46Z","description":"","origin_country":"us","owner_id":"1000331155","project_id":"3da44819-009f-4851-90fb-7fbc5a6f6fbf","sandbox_id":"3da44819-009f-4851-90fb-7fbc5a6f6fbf","size":1720341,"tags":["notebook"],"usage":{"last_update_time":1587053326381,"last_updated_at":"2020-04-16T16:08:46Z"}},"entity":{"notebook":{"kernel":{"name":"python3","display_name":"Python 3.6","language":"python"},"originates_from":{"type":"file"},"runtime":{"environment":"jupconda36-3da44819-009f-4851-90fb-7fbc5a6f6fbf"}}},"attachments":[{"id":"69891c95-3bcb-43dc-b7f3-243391b51546","version":2,"asset_type":"notebook","name":"attachment for notebook 959b3248-518b-4ee9-9d65-84c684837c9a","description":"attachment for notebook 959b3248-518b-4ee9-9d65-84c684837c9a","mime":"application/json","object_key":"notebook/attachment_for_notebook_484c97ec_dab0_4b04_b321_52beb4fc156a_363dyjoxupeufihvu50ny4jvm","create_time":1587053326282,"size":1720341,"is_remote":false,"is_managed":false,"is_referenced":true,"is_object_key_read_only":false,"is_user_provided_path_key":true,"transfer_complete":true,"is_partitioned":false,"complete_time_ticks":1587053326282,"user_data":{},"test_doc":0,"handle":{"key":"notebook/attachment_for_notebook_484c97ec_dab0_4b04_b321_52beb4fc156a_363dyjoxupeufihvu50ny4jvm","upload_id":"done","max_part_num":1},"usage":{"access_count":0,"last_accessor_id":"icp4d-dev","last_access_time":1587053326282}}]}