{"metadata":{"asset_id":"9b34d265-92e9-4518-b37f-f8fa77608f8e","asset_attributes":["notebook"],"name":"Creating a Bucket in IBM Cloud Object Storage","asset_type":"notebook","created_at":"2020-04-16T16:08:45Z","description":"","origin_country":"us","owner_id":"1000331155","project_id":"3da44819-009f-4851-90fb-7fbc5a6f6fbf","sandbox_id":"3da44819-009f-4851-90fb-7fbc5a6f6fbf","size":495587,"tags":["notebook"],"usage":{"last_update_time":1587053326305,"last_updated_at":"2020-04-16T16:08:46Z"}},"entity":{"notebook":{"kernel":{"name":"python3","display_name":"Python 3.6","language":"python"},"originates_from":{"type":"file"},"runtime":{"environment":"jupconda36-3da44819-009f-4851-90fb-7fbc5a6f6fbf"}}},"attachments":[{"id":"341641bb-93f5-470c-8142-a8a6631f746c","version":2,"asset_type":"notebook","name":"attachment for notebook 9b34d265-92e9-4518-b37f-f8fa77608f8e","description":"attachment for notebook 9b34d265-92e9-4518-b37f-f8fa77608f8e","mime":"application/json","object_key":"notebook/attachment_for_notebook_d6cc8f6f_713b_48ce_bb23_f12b1f060052_67j955jdu8f5890pqri24rvqn","create_time":1587053326086,"size":495587,"is_remote":false,"is_managed":false,"is_referenced":true,"is_object_key_read_only":false,"is_user_provided_path_key":true,"transfer_complete":true,"is_partitioned":false,"complete_time_ticks":1587053326086,"user_data":{},"test_doc":0,"handle":{"key":"notebook/attachment_for_notebook_d6cc8f6f_713b_48ce_bb23_f12b1f060052_67j955jdu8f5890pqri24rvqn","upload_id":"done","max_part_num":1},"usage":{"access_count":0,"last_accessor_id":"icp4d-dev","last_access_time":1587053326086}}]}