{"metadata":{"asset_id":"b935038b-ceca-44a2-a267-538f5abc0009","asset_attributes":["notebook"],"name":"Sending Multiple Scoring Requests to Deployed AutoAI created Model","asset_type":"notebook","created_at":"2020-04-16T16:08:45Z","description":"","origin_country":"us","owner_id":"1000331155","project_id":"3da44819-009f-4851-90fb-7fbc5a6f6fbf","sandbox_id":"3da44819-009f-4851-90fb-7fbc5a6f6fbf","size":23414,"tags":["notebook"],"usage":{"last_update_time":1587053326429,"last_updated_at":"2020-04-16T16:08:46Z"}},"entity":{"notebook":{"kernel":{"name":"python3","display_name":"Python 3.6","language":"python"},"originates_from":{"type":"file"},"runtime":{"environment":"jupconda36-3da44819-009f-4851-90fb-7fbc5a6f6fbf"}}},"attachments":[{"id":"8d8ecf52-953f-41ba-b768-fa6ff92611e6","version":2,"asset_type":"notebook","name":"attachment for notebook b935038b-ceca-44a2-a267-538f5abc0009","description":"attachment for notebook b935038b-ceca-44a2-a267-538f5abc0009","mime":"application/json","object_key":"notebook/AutoAI_Payload_Scoring_Request_YJHJ2QLno.ipynb","create_time":1587053326171,"size":23414,"is_remote":false,"is_managed":false,"is_referenced":true,"is_object_key_read_only":false,"is_user_provided_path_key":true,"transfer_complete":true,"is_partitioned":false,"complete_time_ticks":1587053326171,"user_data":{},"test_doc":0,"handle":{"key":"notebook/AutoAI_Payload_Scoring_Request_YJHJ2QLno.ipynb","upload_id":"done","max_part_num":1},"usage":{"access_count":0,"last_accessor_id":"icp4d-dev","last_access_time":1587053326171}}]}