LONGDISTANCE,INTERNATIONAL,LOCAL,DROPPED,PAYMETHOD,LOCALBILLTYPE,LONGDISTANCEBILLTYPE,USAGE,RATEPLAN,CHURN,GENDER,STATUS,CHILDREN,ESTINCOME,CAROWNER,AGE,Phase
23,0,206,0,CC,Budget,Intnl_discount,229,3,1,F,S,1,38000,N,24,Adult
29,0,45,0,CH,FreeLocal,Standard,75,2,0,M,M,2,29616,N,49,Adult
24,0,22,0,CC,FreeLocal,Standard,47,3,0,M,M,0,19732.8,N,50,Adult
26,0,32,1,CC,Budget,Standard,59,1,0,M,S,2,96.33,N,56,Adult
12,0,46,4,CC,FreeLocal,Standard,58,1,0,M,M,2,53010.8,N,18,Child
20,0,13,0,CC,Budget,Standard,34,3,0,M,M,0,19749.3,N,60,Adult
9,0,38,0,CC,Budget,Standard,48,2,0,M,S,1,57626.9,Y,43,Adult
17,4,49,1,Auto,FreeLocal,Standard,72,2,0,F,M,2,47902,N,26,Adult
0,0,28,0,CC,FreeLocal,Standard,29,4,1,F,S,0,78851.3,N,48,Adult
22,0,13,0,Auto,Budget,Standard,36,4,1,F,S,1,17540.7,Y,62,Adult
26,0,12,0,CC,FreeLocal,Standard,38,4,1,F,M,2,28220.8,N,38,Adult
13,8,56,0,CC,Budget,Standard,78,2,0,F,M,2,5237.63,N,48,Adult
11,1,22,0,CC,FreeLocal,Standard,36,2,1,M,S,2,89459.9,N,53,Adult
14,0,25,0,CC,Budget,Standard,40,1,1,F,S,1,13576.5,N,39,Adult
4,0,91,1,CC,Budget,Standard,96,3,1,F,M,2,67388,N,53,Adult
16,0,81,0,CH,Budget,Standard,98,4,0,F,M,1,57063,Y,52,Adult
3,0,11,1,CC,Budget,Standard,15,2,1,F,M,2,84166.1,N,54,Adult
11,0,50,0,CC,FreeLocal,Standard,61,4,1,F,S,1,7737.94,N,42,Adult
12,0,163,0,CC,Budget,Intnl_discount,175,1,1,F,M,2,59613.1,N,34,Adult
18,0,59,0,CC,FreeLocal,Standard,77,3,1,F,S,2,9559.78,N,51,Adult
26,0,9,0,Auto,FreeLocal,Intnl_discount,35,4,0,F,M,2,83284.1,Y,28,Adult
9,4,111,0,Auto,Budget,Intnl_discount,125,4,1,M,S,0,3601.71,N,49,Adult
18,0,20,0,CH,FreeLocal,Intnl_discount,39,4,0,F,M,0,72642.6,N,27,Adult
20,8,13,0,CC,FreeLocal,Standard,43,4,1,F,S,0,98716.3,N,55,Adult
14,8,10,0,CH,FreeLocal,Standard,33,4,1,F,M,2,84789.3,N,50,Adult
18,0,31,0,Auto,FreeLocal,Intnl_discount,50,4,1,F,M,2,35976.5,Y,48,Adult
24,0,20,0,CH,FreeLocal,Intnl_discount,44,4,0,F,M,1,77129.1,Y,61,Adult
15,0,24,0,CH,FreeLocal,Standard,39,3,0,F,M,2,8204.72,N,52,Adult
2,8,17,0,CC,FreeLocal,Standard,28,4,0,F,M,0,80405.1,N,60,Adult
16,1,125,0,CC,FreeLocal,Intnl_discount,142,2,1,M,S,0,64136.6,Y,61,Adult
24,0,73,0,CH,FreeLocal,Standard,97,2,1,F,M,2,45429.7,Y,61,Adult
9,0,11,0,CC,FreeLocal,Standard,21,1,1,F,S,0,25285.5,N,53,Adult
20,0,41,1,CC,Budget,Intnl_discount,62,2,0,F,M,2,77551.1,Y,33,Adult
1,0,11,0,CC,Budget,Standard,14,3,1,F,S,2,21021.6,Y,62,Adult
25,0,179,0,CC,FreeLocal,Standard,206,2,1,M,S,0,74460.7,Y,55,Adult
29,0,52,0,Auto,FreeLocal,Standard,82,2,0,F,M,2,62061.8,Y,45,Adult
27,0,57,0,CC,Budget,Standard,85,3,1,F,M,1,20550.9,Y,22,Adult
22,0,34,0,Auto,Budget,Standard,57,2,1,F,S,2,19131.1,N,56,Adult
0,0,3,0,CC,Budget,Standard,3,4,0,F,S,2,83073.7,N,39,Adult
20,1,112,0,Auto,Budget,Intnl_discount,134,1,0,M,M,2,42750.3,Y,50,Adult
0,0,0,0,Auto,Budget,Intnl_discount,0,2,1,F,S,2,2842.55,N,45,Adult
15,1,12,0,CC,Budget,Standard,29,1,0,M,M,2,22358.1,N,52,Adult
28,0,161,0,CC,FreeLocal,Intnl_discount,190,2,1,F,S,0,7325.5,N,36,Adult
6,0,58,0,CC,Budget,Standard,64,1,0,M,M,2,28766.9,N,46,Adult
26,0,13,0,CC,FreeLocal,Standard,40,3,0,M,M,2,91272.2,Y,25,Adult
11,0,15,0,CC,Budget,Standard,26,1,0,M,M,2,1406.05,Y,19,Adult
22,0,28,0,Auto,Budget,Standard,50,4,0,F,S,0,73228.3,N,62,Adult
2,0,150,0,Auto,FreeLocal,Standard,152,2,0,F,S,2,76231.9,N,63,Adult
13,1,36,0,CH,FreeLocal,Standard,51,3,1,M,M,1,64792.3,N,52,Adult
29,0,8,0,CH,Budget,Intnl_discount,38,1,1,F,S,0,93322.1,Y,40,Adult
0,3,10,0,CC,Budget,Intnl_discount,14,4,1,M,M,1,63437.3,N,63,Adult
27,0,23,0,CC,Budget,Standard,51,3,0,M,M,2,49910.7,Y,51,Adult
11,0,25,0,CC,FreeLocal,Standard,37,4,1,M,M,0,76161.4,Y,44,Adult
10,0,57,0,CC,FreeLocal,Standard,67,1,0,M,M,2,57360.8,Y,53,Adult