{"metadata":{"asset_id":"116cdba1-bc7e-492b-86cc-67089eaef820","asset_attributes":["data_asset"],"name":"customer_usage_history.csv","asset_type":"data_asset","created_at":"2020-05-01T02:39:07Z","description":"","origin_country":"us","owner_id":"1000331032","project_id":"a92ee5be-3b68-47f7-b995-f214d4a0cdec","sandbox_id":"a92ee5be-3b68-47f7-b995-f214d4a0cdec","size":62844,"tags":[],"usage":{"last_update_time":1588300747564,"last_updated_at":"2020-05-01T02:39:07Z"}},"entity":{"data_asset":{"mime_type":"text/csv","dataset":false}},"attachments":[{"id":"308c1278-b8d4-42a2-81b7-0887d60a8868","version":2,"asset_type":"data_asset","name":"customer_usage_history.csv","mime":"text/csv","object_key":"data_asset/customer_usage_history.csv","create_time":1588300747423,"size":62844,"is_remote":false,"is_managed":false,"is_referenced":true,"is_object_key_read_only":false,"is_user_provided_path_key":true,"transfer_complete":true,"is_partitioned":false,"complete_time_ticks":1588300747423,"user_data":{},"test_doc":0,"handle":{"key":"data_asset/customer_usage_history.csv","upload_id":"done","max_part_num":1},"usage":{"access_count":0,"last_accessor_id":"icp4d-dev","last_access_time":1588300747423}}]}