{"metadata":{"asset_id":"c1a115d5-5137-4686-80f5-6a9f934f6846","asset_attributes":["data_asset"],"name":"customer_demographic_history.csv","asset_type":"data_asset","created_at":"2020-05-01T02:39:07Z","description":"","origin_country":"us","owner_id":"1000331032","project_id":"a92ee5be-3b68-47f7-b995-f214d4a0cdec","sandbox_id":"a92ee5be-3b68-47f7-b995-f214d4a0cdec","size":40563,"tags":[],"usage":{"last_update_time":1588300747567,"last_updated_at":"2020-05-01T02:39:07Z"}},"entity":{"data_asset":{"mime_type":"text/csv","dataset":false}},"attachments":[{"id":"8e613dad-15d0-41dd-8924-cbff4e3d9cd1","version":2,"asset_type":"data_asset","name":"customer_demographic_history.csv","mime":"text/csv","object_key":"data_asset/customer_demographic_history.csv","create_time":1588300747411,"size":40563,"is_remote":false,"is_managed":false,"is_referenced":true,"is_object_key_read_only":false,"is_user_provided_path_key":true,"transfer_complete":true,"is_partitioned":false,"complete_time_ticks":1588300747411,"user_data":{},"test_doc":0,"handle":{"key":"data_asset/customer_demographic_history.csv","upload_id":"done","max_part_num":1},"usage":{"access_count":0,"last_accessor_id":"icp4d-dev","last_access_time":1588300747411}}]}