{"metadata":{"asset_id":"10216bb3-090d-4c5a-85fe-157ab2f1a3da","asset_attributes":["data_asset"],"name":"customer_churn_quality_feedback.csv","asset_type":"data_asset","created_at":"2020-05-01T02:39:07Z","description":"","origin_country":"us","owner_id":"1000331032","project_id":"a92ee5be-3b68-47f7-b995-f214d4a0cdec","sandbox_id":"a92ee5be-3b68-47f7-b995-f214d4a0cdec","size":3680,"tags":[],"usage":{"last_update_time":1588300747688,"last_updated_at":"2020-05-01T02:39:07Z"}},"entity":{"data_asset":{"mime_type":"text/csv","dataset":false}},"attachments":[{"id":"42594738-a4ab-4b5d-81bd-bd2e35f496e4","version":2,"asset_type":"data_asset","name":"ENHANCED_CUSTOMER_HISTORY_AUTOAI_FEEDBACK.csv","mime":"text/csv","object_key":"data_asset/ENHANCED_CUSTOMER_HISTORY_AUTOAI_FEEDBACK.csv","create_time":1588300747425,"size":3680,"is_remote":false,"is_managed":false,"is_referenced":true,"is_object_key_read_only":false,"is_user_provided_path_key":true,"transfer_complete":true,"is_partitioned":false,"complete_time_ticks":1588300747425,"user_data":{},"test_doc":0,"handle":{"key":"data_asset/ENHANCED_CUSTOMER_HISTORY_AUTOAI_FEEDBACK.csv","upload_id":"done","max_part_num":1},"usage":{"access_count":0,"last_accessor_id":"icp4d-dev","last_access_time":1588300747425}}]}