{"metadata":{"asset_id":"04cf7742-18b1-4084-97fd-178fe6971f9d","asset_attributes":["notebook"],"name":"Add a Data Connection","asset_type":"notebook","created_at":"2020-05-01T02:39:08Z","description":"","origin_country":"us","owner_id":"1000331032","project_id":"a92ee5be-3b68-47f7-b995-f214d4a0cdec","sandbox_id":"a92ee5be-3b68-47f7-b995-f214d4a0cdec","size":1051854,"tags":["notebook"],"usage":{"last_update_time":1588300748288,"last_updated_at":"2020-05-01T02:39:08Z"}},"entity":{"notebook":{"kernel":{"name":"python3","display_name":"Python 3.6","language":"python"},"originates_from":{"type":"file"},"runtime":{"environment":"jupconda36-a92ee5be-3b68-47f7-b995-f214d4a0cdec"}}},"attachments":[{"id":"c5d022c8-6669-4bb1-b4b5-315083d3862d","version":2,"asset_type":"notebook","name":"attachment for notebook 04cf7742-18b1-4084-97fd-178fe6971f9d","description":"attachment for notebook 04cf7742-18b1-4084-97fd-178fe6971f9d","mime":"application/json","object_key":"notebook/attachment_for_notebook_3ebe13ce_f1d7_4b06_88e6_9d3a8b33ea87_3gddgcrmq3zd4k968z7ago5xb","create_time":1588300748168,"size":1051854,"is_remote":false,"is_managed":false,"is_referenced":true,"is_object_key_read_only":false,"is_user_provided_path_key":true,"transfer_complete":true,"is_partitioned":false,"complete_time_ticks":1588300748168,"user_data":{},"test_doc":0,"handle":{"key":"notebook/attachment_for_notebook_3ebe13ce_f1d7_4b06_88e6_9d3a8b33ea87_3gddgcrmq3zd4k968z7ago5xb","upload_id":"done","max_part_num":1},"usage":{"access_count":0,"last_accessor_id":"icp4d-dev","last_access_time":1588300748168}}]}