{"metadata":{"asset_id":"5cf6f987-3bc3-45fc-a712-05400c40dfa0","asset_attributes":["notebook"],"name":"Configuration of Open Scale for a specific Model","asset_type":"notebook","created_at":"2020-05-01T02:39:08Z","description":"","origin_country":"us","owner_id":"1000331032","project_id":"a92ee5be-3b68-47f7-b995-f214d4a0cdec","sandbox_id":"a92ee5be-3b68-47f7-b995-f214d4a0cdec","size":826025,"tags":["notebook"],"usage":{"last_update_time":1588300748576,"last_updated_at":"2020-05-01T02:39:08Z"}},"entity":{"notebook":{"kernel":{"name":"python3","display_name":"Python 3.6","language":"python"},"originates_from":{"type":"file"},"runtime":{"environment":"jupconda36-a92ee5be-3b68-47f7-b995-f214d4a0cdec"}}},"attachments":[{"id":"5e28707c-1683-4dcc-92c3-1953e7f7fb5a","version":2,"asset_type":"notebook","name":"attachment for notebook 5cf6f987-3bc3-45fc-a712-05400c40dfa0","description":"attachment for notebook 5cf6f987-3bc3-45fc-a712-05400c40dfa0","mime":"application/json","object_key":"notebook/Step5_-_Add_Deployment_and_Configure_Mod_6hbCyePRu.ipynb","create_time":1588300748490,"size":826025,"is_remote":false,"is_managed":false,"is_referenced":true,"is_object_key_read_only":false,"is_user_provided_path_key":true,"transfer_complete":true,"is_partitioned":false,"complete_time_ticks":1588300748490,"user_data":{},"test_doc":0,"handle":{"key":"notebook/Step5_-_Add_Deployment_and_Configure_Mod_6hbCyePRu.ipynb","upload_id":"done","max_part_num":1},"usage":{"access_count":0,"last_accessor_id":"icp4d-dev","last_access_time":1588300748490}}]}