{"metadata":{"asset_id":"e4eee8a1-b55f-454e-a9fd-e02e21003d41","asset_attributes":["notebook"],"name":"Deployment of Model using Watson Machine Learning","asset_type":"notebook","created_at":"2020-05-01T02:39:08Z","description":"","origin_country":"us","owner_id":"1000331032","project_id":"a92ee5be-3b68-47f7-b995-f214d4a0cdec","sandbox_id":"a92ee5be-3b68-47f7-b995-f214d4a0cdec","size":2089644,"tags":["notebook"],"usage":{"last_update_time":1588300748286,"last_updated_at":"2020-05-01T02:39:08Z"}},"entity":{"notebook":{"kernel":{"name":"python3","display_name":"Python 3.6","language":"python"},"originates_from":{"type":"file"},"runtime":{"environment":"jupconda36-a92ee5be-3b68-47f7-b995-f214d4a0cdec"}}},"attachments":[{"id":"54025d75-bb73-4240-a45b-68b63ca15a22","version":2,"asset_type":"notebook","name":"attachment for notebook e4eee8a1-b55f-454e-a9fd-e02e21003d41","description":"attachment for notebook e4eee8a1-b55f-454e-a9fd-e02e21003d41","mime":"application/json","object_key":"notebook/Deployment_of_Model_using_Watson_Machine_J0KITkY1H.ipynb","create_time":1588300748149,"size":2089644,"is_remote":false,"is_managed":false,"is_referenced":true,"is_object_key_read_only":false,"is_user_provided_path_key":true,"transfer_complete":true,"is_partitioned":false,"complete_time_ticks":1588300748149,"user_data":{},"test_doc":0,"handle":{"key":"notebook/Deployment_of_Model_using_Watson_Machine_J0KITkY1H.ipynb","upload_id":"done","max_part_num":1},"usage":{"access_count":0,"last_accessor_id":"icp4d-dev","last_access_time":1588300748149}}]}