{"metadata":{"asset_id":"1ddc7dc1-dc43-4889-9597-d477a6591dc4","asset_attributes":["notebook"],"name":"Creating a Bucket in IBM Cloud Object Storage","asset_type":"notebook","created_at":"2020-05-01T02:39:08Z","description":"","origin_country":"us","owner_id":"1000331032","project_id":"a92ee5be-3b68-47f7-b995-f214d4a0cdec","sandbox_id":"a92ee5be-3b68-47f7-b995-f214d4a0cdec","size":495587,"tags":["notebook"],"usage":{"last_update_time":1588300748322,"last_updated_at":"2020-05-01T02:39:08Z"}},"entity":{"notebook":{"kernel":{"name":"python3","display_name":"Python 3.6","language":"python"},"originates_from":{"type":"file"},"runtime":{"environment":"jupconda36-a92ee5be-3b68-47f7-b995-f214d4a0cdec"}}},"attachments":[{"id":"01a65946-df82-4954-8b93-b461e6ab8089","version":2,"asset_type":"notebook","name":"attachment for notebook 1ddc7dc1-dc43-4889-9597-d477a6591dc4","description":"attachment for notebook 1ddc7dc1-dc43-4889-9597-d477a6591dc4","mime":"application/json","object_key":"notebook/attachment_for_notebook_d6cc8f6f_713b_48ce_bb23_f12b1f060052_67j955jdu8f5890pqri24rvqn","create_time":1588300748143,"size":495587,"is_remote":false,"is_managed":false,"is_referenced":true,"is_object_key_read_only":false,"is_user_provided_path_key":true,"transfer_complete":true,"is_partitioned":false,"complete_time_ticks":1588300748143,"user_data":{},"test_doc":0,"handle":{"key":"notebook/attachment_for_notebook_d6cc8f6f_713b_48ce_bb23_f12b1f060052_67j955jdu8f5890pqri24rvqn","upload_id":"done","max_part_num":1},"usage":{"access_count":0,"last_accessor_id":"icp4d-dev","last_access_time":1588300748143}}]}