{"metadata":{"asset_id":"1469ced5-7e63-41e0-8adc-47dd8a2a79ff","asset_attributes":["notebook"],"name":"Configuring Watson Open Scale using UI","asset_type":"notebook","created_at":"2020-05-01T02:39:08Z","description":"","origin_country":"us","owner_id":"1000331032","project_id":"a92ee5be-3b68-47f7-b995-f214d4a0cdec","sandbox_id":"a92ee5be-3b68-47f7-b995-f214d4a0cdec","size":712116,"tags":["notebook"],"usage":{"last_update_time":1588300748335,"last_updated_at":"2020-05-01T02:39:08Z"}},"entity":{"notebook":{"kernel":{"name":"python3","display_name":"Python 3.6","language":"python"},"originates_from":{"type":"file"},"runtime":{"environment":"jupconda36-a92ee5be-3b68-47f7-b995-f214d4a0cdec"}}},"attachments":[{"id":"5b5d466d-3f2c-42a2-83e4-e7bfbe7af85a","version":2,"asset_type":"notebook","name":"attachment for notebook 1469ced5-7e63-41e0-8adc-47dd8a2a79ff","description":"attachment for notebook 1469ced5-7e63-41e0-8adc-47dd8a2a79ff","mime":"application/json","object_key":"notebook/Step4_-_Configuring_Watson_Open_Scale_klZsB3I-8.ipynb","create_time":1588300748178,"size":712116,"is_remote":false,"is_managed":false,"is_referenced":true,"is_object_key_read_only":false,"is_user_provided_path_key":true,"transfer_complete":true,"is_partitioned":false,"complete_time_ticks":1588300748178,"user_data":{},"test_doc":0,"handle":{"key":"notebook/Step4_-_Configuring_Watson_Open_Scale_klZsB3I-8.ipynb","upload_id":"done","max_part_num":1},"usage":{"access_count":0,"last_accessor_id":"icp4d-dev","last_access_time":1588300748178}}]}