{"metadata":{"asset_id":"33e1054e-3eab-47c4-9435-95b7c4985105","asset_attributes":["notebook"],"name":"Configuration of Monitors in Watson Open Scale for a specific Model","asset_type":"notebook","created_at":"2020-05-01T02:39:08Z","description":"","origin_country":"us","owner_id":"1000331032","project_id":"a92ee5be-3b68-47f7-b995-f214d4a0cdec","sandbox_id":"a92ee5be-3b68-47f7-b995-f214d4a0cdec","size":3211893,"tags":["notebook"],"usage":{"last_update_time":1588300748328,"last_updated_at":"2020-05-01T02:39:08Z"}},"entity":{"notebook":{"kernel":{"name":"python3","display_name":"Python 3.6","language":"python"},"originates_from":{"type":"file"},"runtime":{"environment":"jupconda36-a92ee5be-3b68-47f7-b995-f214d4a0cdec"}}},"attachments":[{"id":"b6fb4422-61f1-4c5a-9c4b-620aded99414","version":2,"asset_type":"notebook","name":"attachment for notebook 33e1054e-3eab-47c4-9435-95b7c4985105","description":"attachment for notebook 33e1054e-3eab-47c4-9435-95b7c4985105","mime":"application/json","object_key":"notebook/attachment_for_notebook_484c97ec_dab0_4b04_b321_52beb4fc156a_363dyjoxupeufihvu50ny4jvm","create_time":1588300748169,"size":3211893,"is_remote":false,"is_managed":false,"is_referenced":true,"is_object_key_read_only":false,"is_user_provided_path_key":true,"transfer_complete":true,"is_partitioned":false,"complete_time_ticks":1588300748169,"user_data":{},"test_doc":0,"handle":{"key":"notebook/attachment_for_notebook_484c97ec_dab0_4b04_b321_52beb4fc156a_363dyjoxupeufihvu50ny4jvm","upload_id":"done","max_part_num":1},"usage":{"access_count":0,"last_accessor_id":"icp4d-dev","last_access_time":1588300748169}}]}