{"metadata":{"asset_id":"c45e3c06-f2c0-45fa-aa2d-1cc4e88411a7","asset_attributes":["notebook"],"name":"Data Preparation using Data Refinery","asset_type":"notebook","created_at":"2020-05-01T02:39:07Z","description":"","origin_country":"us","owner_id":"1000331032","project_id":"a92ee5be-3b68-47f7-b995-f214d4a0cdec","sandbox_id":"a92ee5be-3b68-47f7-b995-f214d4a0cdec","size":5876089,"tags":["notebook"],"usage":{"last_update_time":1588300748328,"last_updated_at":"2020-05-01T02:39:08Z"}},"entity":{"notebook":{"kernel":{"name":"python3","display_name":"Python 3.6","language":"python"},"originates_from":{"type":"file"},"runtime":{"environment":"jupconda36-a92ee5be-3b68-47f7-b995-f214d4a0cdec"}}},"attachments":[{"id":"6acb7685-f3c8-4a70-87bf-0c1e63fb296a","version":2,"asset_type":"notebook","name":"attachment for notebook c45e3c06-f2c0-45fa-aa2d-1cc4e88411a7","description":"attachment for notebook c45e3c06-f2c0-45fa-aa2d-1cc4e88411a7","mime":"application/json","object_key":"notebook/Data_Preparation_using_Data_Refinery_EEp_Sj4Qq.ipynb","create_time":1588300748161,"size":5876089,"is_remote":false,"is_managed":false,"is_referenced":true,"is_object_key_read_only":false,"is_user_provided_path_key":true,"transfer_complete":true,"is_partitioned":false,"complete_time_ticks":1588300748161,"user_data":{},"test_doc":0,"handle":{"key":"notebook/Data_Preparation_using_Data_Refinery_EEp_Sj4Qq.ipynb","upload_id":"done","max_part_num":1},"usage":{"access_count":0,"last_accessor_id":"icp4d-dev","last_access_time":1588300748161}}]}