{"metadata":{"asset_id":"9ef6dc4c-a2fe-4d9b-95d2-00d1dad6f08d","asset_attributes":["notebook"],"name":"Getting Prediction from Model using REST for consuming Insight","asset_type":"notebook","created_at":"2020-05-01T02:39:07Z","description":"","origin_country":"us","owner_id":"1000331032","project_id":"a92ee5be-3b68-47f7-b995-f214d4a0cdec","sandbox_id":"a92ee5be-3b68-47f7-b995-f214d4a0cdec","size":302850,"tags":["notebook"],"usage":{"last_update_time":1588300748276,"last_updated_at":"2020-05-01T02:39:08Z"}},"entity":{"notebook":{"kernel":{"name":"python3","display_name":"Python 3.6","language":"python"},"originates_from":{"type":"file"},"runtime":{"environment":"jupconda36-a92ee5be-3b68-47f7-b995-f214d4a0cdec"}}},"attachments":[{"id":"686bf4d9-49ee-4da3-887f-772c35d66ae5","version":2,"asset_type":"notebook","name":"attachment for notebook 9ef6dc4c-a2fe-4d9b-95d2-00d1dad6f08d","description":"attachment for notebook 9ef6dc4c-a2fe-4d9b-95d2-00d1dad6f08d","mime":"application/json","object_key":"notebook/Getting_Prediction_from_Model_using_REST_96kAQkJMX.ipynb","create_time":1588300748153,"size":302850,"is_remote":false,"is_managed":false,"is_referenced":true,"is_object_key_read_only":false,"is_user_provided_path_key":true,"transfer_complete":true,"is_partitioned":false,"complete_time_ticks":1588300748153,"user_data":{},"test_doc":0,"handle":{"key":"notebook/Getting_Prediction_from_Model_using_REST_96kAQkJMX.ipynb","upload_id":"done","max_part_num":1},"usage":{"access_count":0,"last_accessor_id":"icp4d-dev","last_access_time":1588300748153}}]}