{"metadata":{"asset_id":"1d8af9e6-ad33-4695-bd61-8f63efa75e98","asset_attributes":["notebook"],"name":"Investigating Monitoring Results using UI of Watson Open Scale","asset_type":"notebook","created_at":"2020-05-01T02:39:08Z","description":"","origin_country":"us","owner_id":"1000331032","project_id":"a92ee5be-3b68-47f7-b995-f214d4a0cdec","sandbox_id":"a92ee5be-3b68-47f7-b995-f214d4a0cdec","size":3858921,"tags":["notebook"],"usage":{"last_update_time":1588300748411,"last_updated_at":"2020-05-01T02:39:08Z"}},"entity":{"notebook":{"kernel":{"name":"python3","display_name":"Python 3.6","language":"python"},"originates_from":{"type":"file"},"runtime":{"environment":"jupconda36-a92ee5be-3b68-47f7-b995-f214d4a0cdec"}}},"attachments":[{"id":"3d1445d4-b276-4868-8ccd-7486bf145fee","version":2,"asset_type":"notebook","name":"attachment for notebook 1d8af9e6-ad33-4695-bd61-8f63efa75e98","description":"attachment for notebook 1d8af9e6-ad33-4695-bd61-8f63efa75e98","mime":"application/json","object_key":"notebook/Step9_-_Viewing_Open_Scale_Monitoring_Re_rN2dC8Vj2.ipynb","create_time":1588300748232,"size":3858921,"is_remote":false,"is_managed":false,"is_referenced":true,"is_object_key_read_only":false,"is_user_provided_path_key":true,"transfer_complete":true,"is_partitioned":false,"complete_time_ticks":1588300748232,"user_data":{},"test_doc":0,"handle":{"key":"notebook/Step9_-_Viewing_Open_Scale_Monitoring_Re_rN2dC8Vj2.ipynb","upload_id":"done","max_part_num":1},"usage":{"access_count":0,"last_accessor_id":"icp4d-dev","last_access_time":1588300748232}}]}