{"metadata":{"asset_id":"a08bf63b-67ed-4d15-b08f-21b0ee81dc23","asset_attributes":["notebook"],"name":"Adding DB2 Connection from Catalog","asset_type":"notebook","created_at":"2020-05-01T02:39:08Z","description":"","origin_country":"us","owner_id":"1000331032","project_id":"a92ee5be-3b68-47f7-b995-f214d4a0cdec","sandbox_id":"a92ee5be-3b68-47f7-b995-f214d4a0cdec","size":289989,"tags":["notebook"],"usage":{"last_update_time":1588300748278,"last_updated_at":"2020-05-01T02:39:08Z"}},"entity":{"notebook":{"kernel":{"name":"python3","display_name":"Python 3.6","language":"python"},"originates_from":{"type":"file"},"runtime":{"environment":"jupconda36-a92ee5be-3b68-47f7-b995-f214d4a0cdec"}}},"attachments":[{"id":"2675e813-8f3d-42b9-93f0-2cf078879b3c","version":2,"asset_type":"notebook","name":"attachment for notebook a08bf63b-67ed-4d15-b08f-21b0ee81dc23","description":"attachment for notebook a08bf63b-67ed-4d15-b08f-21b0ee81dc23","mime":"application/json","object_key":"notebook/Creating_DB2_Connection_SEjsHLfoj.ipynb","create_time":1588300748143,"size":289989,"is_remote":false,"is_managed":false,"is_referenced":true,"is_object_key_read_only":false,"is_user_provided_path_key":true,"transfer_complete":true,"is_partitioned":false,"complete_time_ticks":1588300748143,"user_data":{},"test_doc":0,"handle":{"key":"notebook/Creating_DB2_Connection_SEjsHLfoj.ipynb","upload_id":"done","max_part_num":1},"usage":{"access_count":0,"last_accessor_id":"icp4d-dev","last_access_time":1588300748143}}]}