{"metadata":{"asset_id":"5ff0170a-2694-422b-afff-b0b97b0d67e1","asset_attributes":["notebook"],"name":"Overview-AutoAI Master Notebook","asset_type":"notebook","created_at":"2020-05-01T02:39:07Z","description":"","origin_country":"us","owner_id":"1000331032","project_id":"a92ee5be-3b68-47f7-b995-f214d4a0cdec","sandbox_id":"a92ee5be-3b68-47f7-b995-f214d4a0cdec","size":1153875,"tags":["notebook"],"usage":{"last_update_time":1588300947786,"last_updated_at":"2020-05-01T02:42:27Z"}},"entity":{"notebook":{"kernel":{"name":"python3","display_name":"Python 3.6","language":"python"},"originates_from":{"type":"file"},"runtime":{"environment":"jupconda36-a92ee5be-3b68-47f7-b995-f214d4a0cdec"}}},"attachments":[{"id":"afe8d52b-e8f9-4520-a5c9-4fa07907bfdb","version":2,"asset_type":"notebook","name":"attachment for notebook 5ff0170a-2694-422b-afff-b0b97b0d67e1","description":"attachment for notebook 5ff0170a-2694-422b-afff-b0b97b0d67e1","mime":"application/json","object_key":"notebook/Overview-AutoAI_Master_Notebookv2_3XZub7N0H.ipynb","create_time":1588300748149,"size":1153875,"is_remote":false,"is_managed":false,"is_referenced":true,"is_object_key_read_only":false,"is_user_provided_path_key":true,"transfer_complete":true,"is_partitioned":false,"complete_time_ticks":1588300748149,"user_data":{},"test_doc":0,"handle":{"key":"notebook/Overview-AutoAI_Master_Notebookv2_3XZub7N0H.ipynb","upload_id":"done","max_part_num":1},"usage":{"access_count":0,"last_accessor_id":"icp4d-dev","last_access_time":1588300748149}}]}