{"metadata":{"asset_id":"6ee8040f-2a31-4e5f-af34-78af5ecfd108","asset_attributes":["notebook"],"name":"Sending Multiple Scoring Requests to Deployed AutoAI created Model","asset_type":"notebook","created_at":"2020-05-01T02:39:08Z","description":"","origin_country":"us","owner_id":"1000331032","project_id":"a92ee5be-3b68-47f7-b995-f214d4a0cdec","sandbox_id":"a92ee5be-3b68-47f7-b995-f214d4a0cdec","size":40307,"tags":["notebook"],"usage":{"last_update_time":1588300748635,"last_updated_at":"2020-05-01T02:39:08Z"}},"entity":{"notebook":{"kernel":{"name":"python3","display_name":"Python 3.6","language":"python"},"originates_from":{"type":"file"},"runtime":{"environment":"jupconda36-a92ee5be-3b68-47f7-b995-f214d4a0cdec"}}},"attachments":[{"id":"1b3a3712-77cb-479c-acdc-9051654d038a","version":2,"asset_type":"notebook","name":"attachment for notebook 6ee8040f-2a31-4e5f-af34-78af5ecfd108","description":"attachment for notebook 6ee8040f-2a31-4e5f-af34-78af5ecfd108","mime":"application/json","object_key":"notebook/AutoAI_Payload_Scoring_Request_YJHJ2QLno.ipynb","create_time":1588300748555,"size":40307,"is_remote":false,"is_managed":false,"is_referenced":true,"is_object_key_read_only":false,"is_user_provided_path_key":true,"transfer_complete":true,"is_partitioned":false,"complete_time_ticks":1588300748555,"user_data":{},"test_doc":0,"handle":{"key":"notebook/AutoAI_Payload_Scoring_Request_YJHJ2QLno.ipynb","upload_id":"done","max_part_num":1},"usage":{"access_count":0,"last_accessor_id":"icp4d-dev","last_access_time":1588300748555}}]}