{"metadata":{"asset_id":"1cd6f92c-fef1-460f-9801-3132025daea8","asset_attributes":["data_asset"],"name":"customer_usage_history.csv","asset_type":"data_asset","created_at":"2020-04-16T16:08:45Z","description":"","origin_country":"us","owner_id":"1000331155","project_id":"3da44819-009f-4851-90fb-7fbc5a6f6fbf","sandbox_id":"3da44819-009f-4851-90fb-7fbc5a6f6fbf","size":62844,"tags":[],"usage":{"last_update_time":1587053325440,"last_updated_at":"2020-04-16T16:08:45Z"}},"entity":{"data_asset":{"mime_type":"text/csv","dataset":false}},"attachments":[{"id":"189166ce-2248-4438-a165-9cc9c596e05e","version":2,"asset_type":"data_asset","name":"customer_usage_history.csv","mime":"text/csv","object_key":"data_asset/customer_usage_history.csv","create_time":1587053325302,"size":62844,"is_remote":false,"is_managed":false,"is_referenced":true,"is_object_key_read_only":false,"is_user_provided_path_key":true,"transfer_complete":true,"is_partitioned":false,"complete_time_ticks":1587053325302,"user_data":{},"test_doc":0,"handle":{"key":"data_asset/customer_usage_history.csv","upload_id":"done","max_part_num":1},"usage":{"access_count":0,"last_accessor_id":"icp4d-dev","last_access_time":1587053325302}}]}