{"metadata":{"asset_id":"c1a6f003-5209-46a8-aa44-d4c44d628c97","asset_attributes":["data_asset"],"name":"customer_demographic_history.csv","asset_type":"data_asset","created_at":"2020-04-16T16:08:45Z","description":"","origin_country":"us","owner_id":"1000331155","project_id":"3da44819-009f-4851-90fb-7fbc5a6f6fbf","sandbox_id":"3da44819-009f-4851-90fb-7fbc5a6f6fbf","size":40563,"tags":[],"usage":{"last_update_time":1587053325455,"last_updated_at":"2020-04-16T16:08:45Z"}},"entity":{"data_asset":{"mime_type":"text/csv","dataset":false}},"attachments":[{"id":"9da2da6d-02fd-4324-9dcf-d931759a2b0f","version":2,"asset_type":"data_asset","name":"customer_demographic_history.csv","mime":"text/csv","object_key":"data_asset/customer_demographic_history.csv","create_time":1587053325319,"size":40563,"is_remote":false,"is_managed":false,"is_referenced":true,"is_object_key_read_only":false,"is_user_provided_path_key":true,"transfer_complete":true,"is_partitioned":false,"complete_time_ticks":1587053325319,"user_data":{},"test_doc":0,"handle":{"key":"data_asset/customer_demographic_history.csv","upload_id":"done","max_part_num":1},"usage":{"access_count":0,"last_accessor_id":"icp4d-dev","last_access_time":1587053325319}}]}