{"metadata":{"asset_id":"e96d328a-f69c-49eb-8032-3ebeb7b49007","asset_attributes":["notebook"],"name":"Investigating Monitoring Results using UI of Watson Open Scale","asset_type":"notebook","created_at":"2020-04-16T16:08:46Z","description":"","origin_country":"us","owner_id":"1000331155","project_id":"3da44819-009f-4851-90fb-7fbc5a6f6fbf","sandbox_id":"3da44819-009f-4851-90fb-7fbc5a6f6fbf","size":3581335,"tags":["notebook"],"usage":{"last_update_time":1587053326517,"last_updated_at":"2020-04-16T16:08:46Z"}},"entity":{"notebook":{"kernel":{"name":"python3","display_name":"Python 3.6","language":"python"},"originates_from":{"type":"file"},"runtime":{"environment":"jupconda36-3da44819-009f-4851-90fb-7fbc5a6f6fbf"}}},"attachments":[{"id":"5a4b508a-8522-4f17-8137-b7b4a3f3e637","version":2,"asset_type":"notebook","name":"attachment for notebook e96d328a-f69c-49eb-8032-3ebeb7b49007","description":"attachment for notebook e96d328a-f69c-49eb-8032-3ebeb7b49007","mime":"application/json","object_key":"notebook/Step9_-_Viewing_Open_Scale_Monitoring_Re_rN2dC8Vj2.ipynb","create_time":1587053326310,"size":3581335,"is_remote":false,"is_managed":false,"is_referenced":true,"is_object_key_read_only":false,"is_user_provided_path_key":true,"transfer_complete":true,"is_partitioned":false,"complete_time_ticks":1587053326310,"user_data":{},"test_doc":0,"handle":{"key":"notebook/Step9_-_Viewing_Open_Scale_Monitoring_Re_rN2dC8Vj2.ipynb","upload_id":"done","max_part_num":1},"usage":{"access_count":0,"last_accessor_id":"icp4d-dev","last_access_time":1587053326310}}]}