{"metadata":{"asset_id":"98cfa0db-9baa-4098-a7da-ba01d68491bb","asset_attributes":["notebook"],"name":"Overview-AutoAI Master Notebook","asset_type":"notebook","created_at":"2020-04-16T16:08:45Z","description":"","origin_country":"us","owner_id":"1000331155","project_id":"3da44819-009f-4851-90fb-7fbc5a6f6fbf","sandbox_id":"3da44819-009f-4851-90fb-7fbc5a6f6fbf","size":1151488,"tags":["notebook"],"usage":{"last_update_time":1587053326293,"last_updated_at":"2020-04-16T16:08:46Z"}},"entity":{"notebook":{"kernel":{"name":"python3","display_name":"Python 3.6","language":"python"},"originates_from":{"type":"file"},"runtime":{"environment":"jupconda36-3da44819-009f-4851-90fb-7fbc5a6f6fbf"}}},"attachments":[{"id":"499a656c-e6b0-4867-b3c6-9715c3192312","version":2,"asset_type":"notebook","name":"attachment for notebook 98cfa0db-9baa-4098-a7da-ba01d68491bb","description":"attachment for notebook 98cfa0db-9baa-4098-a7da-ba01d68491bb","mime":"application/json","object_key":"notebook/Overview-AutoAI_Master_Notebookv2_3XZub7N0H.ipynb","create_time":1587053326116,"size":1151488,"is_remote":false,"is_managed":false,"is_referenced":true,"is_object_key_read_only":false,"is_user_provided_path_key":true,"transfer_complete":true,"is_partitioned":false,"complete_time_ticks":1587053326116,"user_data":{},"test_doc":0,"handle":{"key":"notebook/Overview-AutoAI_Master_Notebookv2_3XZub7N0H.ipynb","upload_id":"done","max_part_num":1},"usage":{"access_count":0,"last_accessor_id":"icp4d-dev","last_access_time":1587053326116}}]}