{"metadata":{"asset_id":"4ed81f24-7744-44ad-ab1e-e5b654d45655","asset_attributes":["notebook"],"name":"Configuring Watson Open Scale using UI","asset_type":"notebook","created_at":"2020-04-16T16:08:45Z","description":"","origin_country":"us","owner_id":"1000331155","project_id":"3da44819-009f-4851-90fb-7fbc5a6f6fbf","sandbox_id":"3da44819-009f-4851-90fb-7fbc5a6f6fbf","size":288689,"tags":["notebook"],"usage":{"last_update_time":1587053326306,"last_updated_at":"2020-04-16T16:08:46Z"}},"entity":{"notebook":{"kernel":{"name":"python3","display_name":"Python 3.6","language":"python"},"originates_from":{"type":"file"},"runtime":{"environment":"jupconda36-3da44819-009f-4851-90fb-7fbc5a6f6fbf"}}},"attachments":[{"id":"5ceeabe9-7c8a-48d9-a353-82b2fe87552d","version":2,"asset_type":"notebook","name":"attachment for notebook 4ed81f24-7744-44ad-ab1e-e5b654d45655","description":"attachment for notebook 4ed81f24-7744-44ad-ab1e-e5b654d45655","mime":"application/json","object_key":"notebook/Step4_-_Configuring_Watson_Open_Scale_klZsB3I-8.ipynb","create_time":1587053326177,"size":288689,"is_remote":false,"is_managed":false,"is_referenced":true,"is_object_key_read_only":false,"is_user_provided_path_key":true,"transfer_complete":true,"is_partitioned":false,"complete_time_ticks":1587053326177,"user_data":{},"test_doc":0,"handle":{"key":"notebook/Step4_-_Configuring_Watson_Open_Scale_klZsB3I-8.ipynb","upload_id":"done","max_part_num":1},"usage":{"access_count":0,"last_accessor_id":"icp4d-dev","last_access_time":1587053326177}}]}