{"metadata":{"asset_id":"3fcda8a1-da64-4b7b-a60f-4f3b0945c0f8","asset_attributes":["notebook"],"name":"Adding a Data Connection","asset_type":"notebook","created_at":"2020-04-16T16:08:45Z","description":"","origin_country":"us","owner_id":"1000331155","project_id":"3da44819-009f-4851-90fb-7fbc5a6f6fbf","sandbox_id":"3da44819-009f-4851-90fb-7fbc5a6f6fbf","size":1051850,"tags":["notebook"],"usage":{"last_update_time":1587053326281,"last_updated_at":"2020-04-16T16:08:46Z"}},"entity":{"notebook":{"kernel":{"name":"python3","display_name":"Python 3.6","language":"python"},"originates_from":{"type":"file"},"runtime":{"environment":"jupconda36-3da44819-009f-4851-90fb-7fbc5a6f6fbf"}}},"attachments":[{"id":"04f057aa-5951-4ce8-8f57-ccdcffa0ef3f","version":2,"asset_type":"notebook","name":"attachment for notebook 3fcda8a1-da64-4b7b-a60f-4f3b0945c0f8","description":"attachment for notebook 3fcda8a1-da64-4b7b-a60f-4f3b0945c0f8","mime":"application/json","object_key":"notebook/attachment_for_notebook_3ebe13ce_f1d7_4b06_88e6_9d3a8b33ea87_3gddgcrmq3zd4k968z7ago5xb","create_time":1587053326107,"size":1051850,"is_remote":false,"is_managed":false,"is_referenced":true,"is_object_key_read_only":false,"is_user_provided_path_key":true,"transfer_complete":true,"is_partitioned":false,"complete_time_ticks":1587053326107,"user_data":{},"test_doc":0,"handle":{"key":"notebook/attachment_for_notebook_3ebe13ce_f1d7_4b06_88e6_9d3a8b33ea87_3gddgcrmq3zd4k968z7ago5xb","upload_id":"done","max_part_num":1},"usage":{"access_count":0,"last_accessor_id":"icp4d-dev","last_access_time":1587053326107}}]}