{"metadata":{"asset_id":"76345e13-b768-4215-8b29-158dcb20eea3","asset_attributes":["data_asset"],"name":"customer_churn_quality_feedback.csv","asset_type":"data_asset","created_at":"2020-04-13T18:25:34Z","description":"","origin_country":"us","owner_id":"1000331005","project_id":"e0647ab8-7032-46f3-ac14-f560ef2cb3c4","sandbox_id":"e0647ab8-7032-46f3-ac14-f560ef2cb3c4","size":3680,"tags":[],"usage":{"last_update_time":1586802335079,"last_updated_at":"2020-04-13T18:25:35Z"}},"entity":{"data_asset":{"mime_type":"text/csv","dataset":false}},"attachments":[{"id":"5cb87476-4424-411e-99f5-aa8acd75e178","version":2,"asset_type":"data_asset","name":"ENHANCED_CUSTOMER_HISTORY_AUTOAI_FEEDBACK.csv","mime":"text/csv","object_key":"data_asset/ENHANCED_CUSTOMER_HISTORY_AUTOAI_FEEDBACK.csv","create_time":1586802334964,"size":3680,"is_remote":false,"is_managed":false,"is_referenced":true,"is_object_key_read_only":false,"is_user_provided_path_key":true,"transfer_complete":true,"is_partitioned":false,"complete_time_ticks":1586802334964,"user_data":{},"test_doc":0,"handle":{"key":"data_asset/ENHANCED_CUSTOMER_HISTORY_AUTOAI_FEEDBACK.csv","upload_id":"done","max_part_num":1},"usage":{"access_count":0,"last_accessor_id":"icp4d-dev","last_access_time":1586802334964}}]}