{"metadata":{"asset_id":"1ac29b9d-cf32-456f-84ab-65a051044cbd","asset_attributes":["data_asset"],"name":"customer_usage_history.csv","asset_type":"data_asset","created_at":"2020-04-13T18:25:34Z","description":"","origin_country":"us","owner_id":"1000331005","project_id":"e0647ab8-7032-46f3-ac14-f560ef2cb3c4","sandbox_id":"e0647ab8-7032-46f3-ac14-f560ef2cb3c4","size":62844,"tags":[],"usage":{"last_update_time":1586802335060,"last_updated_at":"2020-04-13T18:25:35Z"}},"entity":{"data_asset":{"mime_type":"text/csv","dataset":false}},"attachments":[{"id":"6fa033b9-ea00-49fe-8ccd-fdf75dfd0118","version":2,"asset_type":"data_asset","name":"customer_usage_history.csv","mime":"text/csv","object_key":"data_asset/customer_usage_history.csv","create_time":1586802334956,"size":62844,"is_remote":false,"is_managed":false,"is_referenced":true,"is_object_key_read_only":false,"is_user_provided_path_key":true,"transfer_complete":true,"is_partitioned":false,"complete_time_ticks":1586802334956,"user_data":{},"test_doc":0,"handle":{"key":"data_asset/customer_usage_history.csv","upload_id":"done","max_part_num":1},"usage":{"access_count":0,"last_accessor_id":"icp4d-dev","last_access_time":1586802334956}}]}