{"metadata":{"asset_id":"d82d8963-4203-4d91-b84d-f096e200cd29","asset_attributes":["notebook"],"name":"Configuration of Monitors in Watson Open Scale for a specific Model","asset_type":"notebook","created_at":"2020-04-13T18:25:35Z","description":"","origin_country":"us","owner_id":"1000331005","project_id":"e0647ab8-7032-46f3-ac14-f560ef2cb3c4","sandbox_id":"e0647ab8-7032-46f3-ac14-f560ef2cb3c4","size":1720341,"tags":["notebook"],"usage":{"last_update_time":1586802336034,"last_updated_at":"2020-04-13T18:25:36Z"}},"entity":{"notebook":{"kernel":{"name":"python3","display_name":"Python 3.6","language":"python"},"originates_from":{"type":"file"},"runtime":{"environment":"jupconda36-e0647ab8-7032-46f3-ac14-f560ef2cb3c4"}}},"attachments":[{"id":"18c39f68-60be-4c8a-a7be-38a68031c9f9","version":2,"asset_type":"notebook","name":"attachment for notebook d82d8963-4203-4d91-b84d-f096e200cd29","description":"attachment for notebook d82d8963-4203-4d91-b84d-f096e200cd29","mime":"application/json","object_key":"notebook/attachment_for_notebook_484c97ec_dab0_4b04_b321_52beb4fc156a_363dyjoxupeufihvu50ny4jvm","create_time":1586802335830,"size":1720341,"is_remote":false,"is_managed":false,"is_referenced":true,"is_object_key_read_only":false,"is_user_provided_path_key":true,"transfer_complete":true,"is_partitioned":false,"complete_time_ticks":1586802335830,"user_data":{},"test_doc":0,"handle":{"key":"notebook/attachment_for_notebook_484c97ec_dab0_4b04_b321_52beb4fc156a_363dyjoxupeufihvu50ny4jvm","upload_id":"done","max_part_num":1},"usage":{"access_count":0,"last_accessor_id":"icp4d-dev","last_access_time":1586802335830}}]}