{"metadata":{"asset_id":"af50e132-d9cc-44e1-86ca-2ef8c4c7c919","asset_attributes":["notebook"],"name":"Creating a Bucket in IBM Cloud Object Storage","asset_type":"notebook","created_at":"2020-04-13T18:25:35Z","description":"","origin_country":"us","owner_id":"1000331005","project_id":"e0647ab8-7032-46f3-ac14-f560ef2cb3c4","sandbox_id":"e0647ab8-7032-46f3-ac14-f560ef2cb3c4","size":495587,"tags":["notebook"],"usage":{"last_update_time":1586802336000,"last_updated_at":"2020-04-13T18:25:36Z"}},"entity":{"notebook":{"kernel":{"name":"python3","display_name":"Python 3.6","language":"python"},"originates_from":{"type":"file"},"runtime":{"environment":"jupconda36-e0647ab8-7032-46f3-ac14-f560ef2cb3c4"}}},"attachments":[{"id":"a640cc09-4ce8-4c78-ae83-ba7b8a7d4af1","version":2,"asset_type":"notebook","name":"attachment for notebook af50e132-d9cc-44e1-86ca-2ef8c4c7c919","description":"attachment for notebook af50e132-d9cc-44e1-86ca-2ef8c4c7c919","mime":"application/json","object_key":"notebook/attachment_for_notebook_d6cc8f6f_713b_48ce_bb23_f12b1f060052_67j955jdu8f5890pqri24rvqn","create_time":1586802335833,"size":495587,"is_remote":false,"is_managed":false,"is_referenced":true,"is_object_key_read_only":false,"is_user_provided_path_key":true,"transfer_complete":true,"is_partitioned":false,"complete_time_ticks":1586802335833,"user_data":{},"test_doc":0,"handle":{"key":"notebook/attachment_for_notebook_d6cc8f6f_713b_48ce_bb23_f12b1f060052_67j955jdu8f5890pqri24rvqn","upload_id":"done","max_part_num":1},"usage":{"access_count":0,"last_accessor_id":"icp4d-dev","last_access_time":1586802335833}}]}