{"metadata":{"asset_id":"f6e26f98-bc6b-49fa-a211-accbb548e557","asset_attributes":["notebook"],"name":"Configuration of Open Scale for a specific Model","asset_type":"notebook","created_at":"2020-04-13T18:25:35Z","description":"","origin_country":"us","owner_id":"1000331005","project_id":"e0647ab8-7032-46f3-ac14-f560ef2cb3c4","sandbox_id":"e0647ab8-7032-46f3-ac14-f560ef2cb3c4","size":825857,"tags":["notebook"],"usage":{"last_update_time":1586802336063,"last_updated_at":"2020-04-13T18:25:36Z"}},"entity":{"notebook":{"kernel":{"name":"python3","display_name":"Python 3.6","language":"python"},"originates_from":{"type":"file"},"runtime":{"environment":"jupconda36-e0647ab8-7032-46f3-ac14-f560ef2cb3c4"}}},"attachments":[{"id":"51513d59-a97c-499c-910a-c3a68ae75a5e","version":2,"asset_type":"notebook","name":"attachment for notebook f6e26f98-bc6b-49fa-a211-accbb548e557","description":"attachment for notebook f6e26f98-bc6b-49fa-a211-accbb548e557","mime":"application/json","object_key":"notebook/Step5_-_Add_Deployment_and_Configure_Mod_6hbCyePRu.ipynb","create_time":1586802335828,"size":825857,"is_remote":false,"is_managed":false,"is_referenced":true,"is_object_key_read_only":false,"is_user_provided_path_key":true,"transfer_complete":true,"is_partitioned":false,"complete_time_ticks":1586802335828,"user_data":{},"test_doc":0,"handle":{"key":"notebook/Step5_-_Add_Deployment_and_Configure_Mod_6hbCyePRu.ipynb","upload_id":"done","max_part_num":1},"usage":{"access_count":0,"last_accessor_id":"icp4d-dev","last_access_time":1586802335828}}]}