{"metadata":{"asset_id":"776d0c8b-a1c6-4132-8071-0c7d0b17a8ee","asset_attributes":["notebook"],"name":"Data Preparation using Data Refinery","asset_type":"notebook","created_at":"2020-04-13T18:25:35Z","description":"","origin_country":"us","owner_id":"1000331005","project_id":"e0647ab8-7032-46f3-ac14-f560ef2cb3c4","sandbox_id":"e0647ab8-7032-46f3-ac14-f560ef2cb3c4","size":5875757,"tags":["notebook"],"usage":{"last_update_time":1586969651134,"last_updated_at":"2020-04-15T16:54:11Z"}},"entity":{"notebook":{"kernel":{"name":"python3","display_name":"Python 3.6","language":"python"},"originates_from":{"type":"file"},"runtime":{"environment":"jupconda36-e0647ab8-7032-46f3-ac14-f560ef2cb3c4"}}},"attachments":[{"id":"39e59c9c-69b9-4917-b2da-3b6a4b6b602b","version":2,"asset_type":"notebook","name":"attachment for notebook 776d0c8b-a1c6-4132-8071-0c7d0b17a8ee","description":"attachment for notebook 776d0c8b-a1c6-4132-8071-0c7d0b17a8ee","mime":"application/json","object_key":"notebook/Data_Preparation_using_Data_Refinery_EEp_Sj4Qq.ipynb","create_time":1586802335832,"size":5875757,"is_remote":false,"is_managed":false,"is_referenced":true,"is_object_key_read_only":false,"is_user_provided_path_key":true,"transfer_complete":true,"is_partitioned":false,"complete_time_ticks":1586802335832,"user_data":{},"test_doc":0,"handle":{"key":"notebook/Data_Preparation_using_Data_Refinery_EEp_Sj4Qq.ipynb","upload_id":"done","max_part_num":1},"usage":{"access_count":0,"last_accessor_id":"icp4d-dev","last_access_time":1586802335832}}]}