{"metadata":{"asset_id":"d78c8dbc-c620-42c7-b5a6-d216b6833a35","asset_attributes":["notebook"],"name":"Investigating Monitoring Results using UI of Watson Open Scale","asset_type":"notebook","created_at":"2020-04-13T18:25:35Z","description":"","origin_country":"us","owner_id":"1000331005","project_id":"e0647ab8-7032-46f3-ac14-f560ef2cb3c4","sandbox_id":"e0647ab8-7032-46f3-ac14-f560ef2cb3c4","size":3581335,"tags":["notebook"],"usage":{"last_update_time":1586802336019,"last_updated_at":"2020-04-13T18:25:36Z"}},"entity":{"notebook":{"kernel":{"name":"python3","display_name":"Python 3.6","language":"python"},"originates_from":{"type":"file"},"runtime":{"environment":"jupconda36-e0647ab8-7032-46f3-ac14-f560ef2cb3c4"}}},"attachments":[{"id":"0d49211d-3c58-4d96-99d4-e081b6a0a5d7","version":2,"asset_type":"notebook","name":"attachment for notebook d78c8dbc-c620-42c7-b5a6-d216b6833a35","description":"attachment for notebook d78c8dbc-c620-42c7-b5a6-d216b6833a35","mime":"application/json","object_key":"notebook/Step9_-_Viewing_Open_Scale_Monitoring_Re_rN2dC8Vj2.ipynb","create_time":1586802335806,"size":3581335,"is_remote":false,"is_managed":false,"is_referenced":true,"is_object_key_read_only":false,"is_user_provided_path_key":true,"transfer_complete":true,"is_partitioned":false,"complete_time_ticks":1586802335806,"user_data":{},"test_doc":0,"handle":{"key":"notebook/Step9_-_Viewing_Open_Scale_Monitoring_Re_rN2dC8Vj2.ipynb","upload_id":"done","max_part_num":1},"usage":{"access_count":0,"last_accessor_id":"icp4d-dev","last_access_time":1586802335806}}]}