{"metadata":{"asset_id":"6bb5bf77-f04e-4dfc-8018-289063abf98c","asset_attributes":["notebook"],"name":"Getting Prediction from Model using REST for consuming Insight","asset_type":"notebook","created_at":"2020-04-13T18:25:35Z","description":"","origin_country":"us","owner_id":"1000331005","project_id":"e0647ab8-7032-46f3-ac14-f560ef2cb3c4","sandbox_id":"e0647ab8-7032-46f3-ac14-f560ef2cb3c4","size":302173,"tags":["notebook"],"usage":{"last_update_time":1586802335901,"last_updated_at":"2020-04-13T18:25:35Z"}},"entity":{"notebook":{"kernel":{"name":"python3","display_name":"Python 3.6","language":"python"},"originates_from":{"type":"file"},"runtime":{"environment":"jupconda36-e0647ab8-7032-46f3-ac14-f560ef2cb3c4"}}},"attachments":[{"id":"32ffa34f-fdb8-4aae-a415-d312722e65eb","version":2,"asset_type":"notebook","name":"attachment for notebook 6bb5bf77-f04e-4dfc-8018-289063abf98c","description":"attachment for notebook 6bb5bf77-f04e-4dfc-8018-289063abf98c","mime":"application/json","object_key":"notebook/Getting_Prediction_from_Model_using_REST_96kAQkJMX.ipynb","create_time":1586802335670,"size":302173,"is_remote":false,"is_managed":false,"is_referenced":true,"is_object_key_read_only":false,"is_user_provided_path_key":true,"transfer_complete":true,"is_partitioned":false,"complete_time_ticks":1586802335670,"user_data":{},"test_doc":0,"handle":{"key":"notebook/Getting_Prediction_from_Model_using_REST_96kAQkJMX.ipynb","upload_id":"done","max_part_num":1},"usage":{"access_count":0,"last_accessor_id":"icp4d-dev","last_access_time":1586802335670}}]}