{"metadata":{"asset_id":"d9299c84-7ede-4258-813e-e3f0182e6976","asset_attributes":["notebook"],"name":"Overview-AutoAI Master Notebook","asset_type":"notebook","created_at":"2020-04-15T16:57:58Z","description":"","origin_country":"us","owner_id":"1000331005","project_id":"e0647ab8-7032-46f3-ac14-f560ef2cb3c4","sandbox_id":"e0647ab8-7032-46f3-ac14-f560ef2cb3c4","size":1150999,"tags":["notebook"],"usage":{"last_update_time":1586970137045,"last_updated_at":"2020-04-15T17:02:17Z"}},"entity":{"notebook":{"kernel":{"name":"python3","display_name":"Python 3.6","language":"python"},"originates_from":{"type":"file"},"runtime":{"environment":"jupconda36-e0647ab8-7032-46f3-ac14-f560ef2cb3c4"}}},"attachments":[{"id":"7b87b7ca-b199-4dff-8076-82a2843eed4f","version":2,"asset_type":"notebook","name":"attachment for notebook d9299c84-7ede-4258-813e-e3f0182e6976","description":"attachment for notebook d9299c84-7ede-4258-813e-e3f0182e6976","mime":"application/json","object_key":"notebook/Overview-AutoAI_Master_Notebookv2_3XZub7N0H.ipynb","create_time":1586969878485,"size":1150999,"is_remote":false,"is_managed":false,"is_referenced":true,"is_object_key_read_only":false,"is_user_provided_path_key":true,"transfer_complete":true,"is_partitioned":false,"complete_time_ticks":1586969878485,"user_data":{},"test_doc":0,"handle":{"key":"notebook/Overview-AutoAI_Master_Notebookv2_3XZub7N0H.ipynb","upload_id":"done","max_part_num":1},"usage":{"access_count":0,"last_accessor_id":"1000331005","last_access_time":1586969878485}}]}