{"metadata":{"asset_id":"08c4eb7d-b1fa-4038-8025-402421c38f29","asset_attributes":["notebook"],"name":"Configuring Watson Open Scale using UI","asset_type":"notebook","created_at":"2020-04-13T18:25:35Z","description":"","origin_country":"us","owner_id":"1000331005","project_id":"e0647ab8-7032-46f3-ac14-f560ef2cb3c4","sandbox_id":"e0647ab8-7032-46f3-ac14-f560ef2cb3c4","size":288689,"tags":["notebook"],"usage":{"last_update_time":1586802336084,"last_updated_at":"2020-04-13T18:25:36Z"}},"entity":{"notebook":{"kernel":{"name":"python3","display_name":"Python 3.6","language":"python"},"originates_from":{"type":"file"},"runtime":{"environment":"jupconda36-e0647ab8-7032-46f3-ac14-f560ef2cb3c4"}}},"attachments":[{"id":"a5bc6cd9-d019-4e2f-a34b-cb1df283e46d","version":2,"asset_type":"notebook","name":"attachment for notebook 08c4eb7d-b1fa-4038-8025-402421c38f29","description":"attachment for notebook 08c4eb7d-b1fa-4038-8025-402421c38f29","mime":"application/json","object_key":"notebook/Step4_-_Configuring_Watson_Open_Scale_klZsB3I-8.ipynb","create_time":1586802335835,"size":288689,"is_remote":false,"is_managed":false,"is_referenced":true,"is_object_key_read_only":false,"is_user_provided_path_key":true,"transfer_complete":true,"is_partitioned":false,"complete_time_ticks":1586802335835,"user_data":{},"test_doc":0,"handle":{"key":"notebook/Step4_-_Configuring_Watson_Open_Scale_klZsB3I-8.ipynb","upload_id":"done","max_part_num":1},"usage":{"access_count":0,"last_accessor_id":"icp4d-dev","last_access_time":1586802335835}}]}