{"metadata":{"asset_id":"7663e265-e69a-4a9e-97c4-4e9ce64c10ce","asset_attributes":["notebook"],"name":"Sending Multiple Scoring Requests to Deployed AutoAI created Model","asset_type":"notebook","created_at":"2020-04-13T18:25:35Z","description":"","origin_country":"us","owner_id":"1000331005","project_id":"e0647ab8-7032-46f3-ac14-f560ef2cb3c4","sandbox_id":"e0647ab8-7032-46f3-ac14-f560ef2cb3c4","size":23414,"tags":["notebook"],"usage":{"last_update_time":1586802336000,"last_updated_at":"2020-04-13T18:25:36Z"}},"entity":{"notebook":{"kernel":{"name":"python3","display_name":"Python 3.6","language":"python"},"originates_from":{"type":"file"},"runtime":{"environment":"jupconda36-e0647ab8-7032-46f3-ac14-f560ef2cb3c4"}}},"attachments":[{"id":"3debb959-76ea-44d2-b4b1-d1210019bda5","version":2,"asset_type":"notebook","name":"attachment for notebook 7663e265-e69a-4a9e-97c4-4e9ce64c10ce","description":"attachment for notebook 7663e265-e69a-4a9e-97c4-4e9ce64c10ce","mime":"application/json","object_key":"notebook/AutoAI_Payload_Scoring_Request_YJHJ2QLno.ipynb","create_time":1586802335813,"size":23414,"is_remote":false,"is_managed":false,"is_referenced":true,"is_object_key_read_only":false,"is_user_provided_path_key":true,"transfer_complete":true,"is_partitioned":false,"complete_time_ticks":1586802335813,"user_data":{},"test_doc":0,"handle":{"key":"notebook/AutoAI_Payload_Scoring_Request_YJHJ2QLno.ipynb","upload_id":"done","max_part_num":1},"usage":{"access_count":0,"last_accessor_id":"icp4d-dev","last_access_time":1586802335813}}]}