{"metadata":{"asset_id":"7303b3e3-bb26-4020-ae5e-1e0aef519513","asset_attributes":["notebook"],"name":"Adding a Data Connection","asset_type":"notebook","created_at":"2020-04-13T18:25:36Z","description":"","origin_country":"us","owner_id":"1000331005","project_id":"e0647ab8-7032-46f3-ac14-f560ef2cb3c4","sandbox_id":"e0647ab8-7032-46f3-ac14-f560ef2cb3c4","size":1051850,"tags":["notebook"],"usage":{"last_update_time":1586802336418,"last_updated_at":"2020-04-13T18:25:36Z"}},"entity":{"notebook":{"kernel":{"name":"python3","display_name":"Python 3.6","language":"python"},"originates_from":{"type":"file"},"runtime":{"environment":"jupconda36-e0647ab8-7032-46f3-ac14-f560ef2cb3c4"}}},"attachments":[{"id":"4dec5e6c-3e56-4300-aa7a-3cefd0a1a396","version":2,"asset_type":"notebook","name":"attachment for notebook 7303b3e3-bb26-4020-ae5e-1e0aef519513","description":"attachment for notebook 7303b3e3-bb26-4020-ae5e-1e0aef519513","mime":"application/json","object_key":"notebook/attachment_for_notebook_3ebe13ce_f1d7_4b06_88e6_9d3a8b33ea87_3gddgcrmq3zd4k968z7ago5xb","create_time":1586802336302,"size":1051850,"is_remote":false,"is_managed":false,"is_referenced":true,"is_object_key_read_only":false,"is_user_provided_path_key":true,"transfer_complete":true,"is_partitioned":false,"complete_time_ticks":1586802336302,"user_data":{},"test_doc":0,"handle":{"key":"notebook/attachment_for_notebook_3ebe13ce_f1d7_4b06_88e6_9d3a8b33ea87_3gddgcrmq3zd4k968z7ago5xb","upload_id":"done","max_part_num":1},"usage":{"access_count":0,"last_accessor_id":"icp4d-dev","last_access_time":1586802336302}}]}