{"metadata":{"asset_id":"ac810c58-cd72-4dd9-9aca-5efbcb56b669","asset_attributes":["notebook"],"name":"Deployment of Model using Watson Machine Learning","asset_type":"notebook","created_at":"2020-04-13T18:25:35Z","description":"","origin_country":"us","owner_id":"1000331005","project_id":"e0647ab8-7032-46f3-ac14-f560ef2cb3c4","sandbox_id":"e0647ab8-7032-46f3-ac14-f560ef2cb3c4","size":1859786,"tags":["notebook"],"usage":{"last_update_time":1586802336120,"last_updated_at":"2020-04-13T18:25:36Z"}},"entity":{"notebook":{"kernel":{"name":"python3","display_name":"Python 3.6","language":"python"},"originates_from":{"type":"file"},"runtime":{"environment":"jupconda36-e0647ab8-7032-46f3-ac14-f560ef2cb3c4"}}},"attachments":[{"id":"e110e8e5-ddda-4ff8-ac7f-6dee4c176c4f","version":2,"asset_type":"notebook","name":"attachment for notebook ac810c58-cd72-4dd9-9aca-5efbcb56b669","description":"attachment for notebook ac810c58-cd72-4dd9-9aca-5efbcb56b669","mime":"application/json","object_key":"notebook/Step_3_-_Deploy_Model_to_WML_using_API_copy_1_NynANTi2P.ipynb","create_time":1586802335833,"size":1859786,"is_remote":false,"is_managed":false,"is_referenced":true,"is_object_key_read_only":false,"is_user_provided_path_key":true,"transfer_complete":true,"is_partitioned":false,"complete_time_ticks":1586802335833,"user_data":{},"test_doc":0,"handle":{"key":"notebook/Step_3_-_Deploy_Model_to_WML_using_API_copy_1_NynANTi2P.ipynb","upload_id":"done","max_part_num":1},"usage":{"access_count":0,"last_accessor_id":"icp4d-dev","last_access_time":1586802335833}}]}