{"metadata":{"asset_id":"cf7e3d6e-05ad-4a3b-856f-62477e369a7c","asset_attributes":["data_asset"],"name":"customer_demographic_history.csv","asset_type":"data_asset","created_at":"2020-05-28T20:08:04Z","description":"","origin_country":"us","owner_id":"1000331001","project_id":"a89015ba-9248-4ac3-ac51-239c4291cd99","sandbox_id":"a89015ba-9248-4ac3-ac51-239c4291cd99","size":40563,"tags":[],"usage":{"last_update_time":1590696485217,"last_updated_at":"2020-05-28T20:08:05Z"}},"entity":{"data_asset":{"mime_type":"text/csv","dataset":false}},"attachments":[{"id":"d83ce837-e7b8-4d29-b78c-aea792bd36ec","version":2,"asset_type":"data_asset","name":"customer_demographic_history.csv","mime":"text/csv","object_key":"data_asset/customer_demographic_history.csv","create_time":1590696485096,"size":40563,"is_remote":false,"is_managed":false,"is_referenced":true,"is_object_key_read_only":false,"is_user_provided_path_key":true,"transfer_complete":true,"is_partitioned":false,"complete_time_ticks":1590696485096,"user_data":{},"test_doc":0,"handle":{"key":"data_asset/customer_demographic_history.csv","upload_id":"done","max_part_num":1},"usage":{"access_count":0,"last_accessor_id":"icp4d-dev","last_access_time":1590696485096}}]}