{"metadata":{"asset_id":"e260e896-c8e4-454e-998b-446b2bda66b8","asset_attributes":["data_asset"],"name":"customer_usage_history.csv","asset_type":"data_asset","created_at":"2020-05-28T20:08:04Z","description":"","origin_country":"us","owner_id":"1000331001","project_id":"a89015ba-9248-4ac3-ac51-239c4291cd99","sandbox_id":"a89015ba-9248-4ac3-ac51-239c4291cd99","size":62844,"tags":[],"usage":{"last_update_time":1590696485265,"last_updated_at":"2020-05-28T20:08:05Z"}},"entity":{"data_asset":{"mime_type":"text/csv","dataset":false}},"attachments":[{"id":"5efe0982-a6a8-4255-824b-2f3c83ce54c1","version":2,"asset_type":"data_asset","name":"customer_usage_history.csv","mime":"text/csv","object_key":"data_asset/customer_usage_history.csv","create_time":1590696485132,"size":62844,"is_remote":false,"is_managed":false,"is_referenced":true,"is_object_key_read_only":false,"is_user_provided_path_key":true,"transfer_complete":true,"is_partitioned":false,"complete_time_ticks":1590696485132,"user_data":{},"test_doc":0,"handle":{"key":"data_asset/customer_usage_history.csv","upload_id":"done","max_part_num":1},"usage":{"access_count":0,"last_accessor_id":"icp4d-dev","last_access_time":1590696485132}}]}