{"metadata":{"asset_id":"4241c1e5-9343-4476-9a2a-da81df967802","asset_attributes":["data_asset"],"name":"customer_churn_quality_feedback.csv","asset_type":"data_asset","created_at":"2020-05-28T20:08:04Z","description":"","origin_country":"us","owner_id":"1000331001","project_id":"a89015ba-9248-4ac3-ac51-239c4291cd99","sandbox_id":"a89015ba-9248-4ac3-ac51-239c4291cd99","size":3680,"tags":[],"usage":{"last_update_time":1590696485273,"last_updated_at":"2020-05-28T20:08:05Z"}},"entity":{"data_asset":{"mime_type":"text/csv","dataset":false}},"attachments":[{"id":"66e30473-8ba8-4289-9320-a5976f61832a","version":2,"asset_type":"data_asset","name":"ENHANCED_CUSTOMER_HISTORY_AUTOAI_FEEDBACK.csv","mime":"text/csv","object_key":"data_asset/ENHANCED_CUSTOMER_HISTORY_AUTOAI_FEEDBACK.csv","create_time":1590696485136,"size":3680,"is_remote":false,"is_managed":false,"is_referenced":true,"is_object_key_read_only":false,"is_user_provided_path_key":true,"transfer_complete":true,"is_partitioned":false,"complete_time_ticks":1590696485136,"user_data":{},"test_doc":0,"handle":{"key":"data_asset/ENHANCED_CUSTOMER_HISTORY_AUTOAI_FEEDBACK.csv","upload_id":"done","max_part_num":1},"usage":{"access_count":0,"last_accessor_id":"icp4d-dev","last_access_time":1590696485136}}]}