{"metadata":{"asset_id":"7f2e5b3e-cf99-446a-b9a6-609c3bf1d1b0","asset_attributes":["notebook"],"name":"Overview-ScikitLearn Master Notebook","asset_type":"notebook","created_at":"2020-05-28T20:08:05Z","description":"","origin_country":"us","owner_id":"1000331001","project_id":"a89015ba-9248-4ac3-ac51-239c4291cd99","sandbox_id":"a89015ba-9248-4ac3-ac51-239c4291cd99","size":2201622,"tags":["notebook"],"usage":{"last_update_time":1590697134766,"last_updated_at":"2020-05-28T20:18:54Z"}},"entity":{"notebook":{"kernel":{"name":"python3","display_name":"Python 3.6","language":"python"},"originates_from":{"type":"file"},"runtime":{"environment":"jupconda36-a89015ba-9248-4ac3-ac51-239c4291cd99"}}},"attachments":[{"id":"6eac038a-ae3e-4f59-b514-2308ac6d255a","version":2,"asset_type":"notebook","name":"attachment for notebook 7f2e5b3e-cf99-446a-b9a6-609c3bf1d1b0","description":"attachment for notebook 7f2e5b3e-cf99-446a-b9a6-609c3bf1d1b0","mime":"application/json","object_key":"notebook/Overview-AutoAI_Master_Notebookv2_3XZub7_WHFENSB3g.ipynb","create_time":1590696485891,"size":2201622,"is_remote":false,"is_managed":false,"is_referenced":true,"is_object_key_read_only":false,"is_user_provided_path_key":true,"transfer_complete":true,"is_partitioned":false,"complete_time_ticks":1590696485891,"user_data":{},"test_doc":0,"handle":{"key":"notebook/Overview-AutoAI_Master_Notebookv2_3XZub7_WHFENSB3g.ipynb","upload_id":"done","max_part_num":1},"usage":{"access_count":0,"last_accessor_id":"icp4d-dev","last_access_time":1590696485891}}]}