{"metadata":{"asset_id":"9f2e51ea-746c-479f-ac8b-634abf587a6a","asset_attributes":["notebook"],"name":"Configuring Watson Open Scale using UI","asset_type":"notebook","created_at":"2020-05-28T20:08:05Z","description":"","origin_country":"us","owner_id":"1000331001","project_id":"a89015ba-9248-4ac3-ac51-239c4291cd99","sandbox_id":"a89015ba-9248-4ac3-ac51-239c4291cd99","size":712116,"tags":["notebook"],"usage":{"last_update_time":1590696486221,"last_updated_at":"2020-05-28T20:08:06Z"}},"entity":{"notebook":{"kernel":{"name":"python3","display_name":"Python 3.6","language":"python"},"originates_from":{"type":"file"},"runtime":{"environment":"jupconda36-a89015ba-9248-4ac3-ac51-239c4291cd99"}}},"attachments":[{"id":"44656d89-a72b-4599-a666-7a28e51d9182","version":2,"asset_type":"notebook","name":"attachment for notebook 9f2e51ea-746c-479f-ac8b-634abf587a6a","description":"attachment for notebook 9f2e51ea-746c-479f-ac8b-634abf587a6a","mime":"application/json","object_key":"notebook/Step4_-_Configuring_Watson_Open_Scale_kl_Tv5vE9Np6.ipynb","create_time":1590696486010,"size":712116,"is_remote":false,"is_managed":false,"is_referenced":true,"is_object_key_read_only":false,"is_user_provided_path_key":true,"transfer_complete":true,"is_partitioned":false,"complete_time_ticks":1590696486010,"user_data":{},"test_doc":0,"handle":{"key":"notebook/Step4_-_Configuring_Watson_Open_Scale_kl_Tv5vE9Np6.ipynb","upload_id":"done","max_part_num":1},"usage":{"access_count":0,"last_accessor_id":"icp4d-dev","last_access_time":1590696486010}}]}