{"metadata":{"asset_id":"0321a725-579a-47ef-9c20-757d7c33ee6e","asset_attributes":["notebook"],"name":"Sending Multiple Scoring Requests to Deployed Scikit-learn Model","asset_type":"notebook","created_at":"2020-05-28T20:08:05Z","description":"","origin_country":"us","owner_id":"1000331001","project_id":"a89015ba-9248-4ac3-ac51-239c4291cd99","sandbox_id":"a89015ba-9248-4ac3-ac51-239c4291cd99","size":5000,"tags":["notebook"],"usage":{"last_update_time":1590696486217,"last_updated_at":"2020-05-28T20:08:06Z"}},"entity":{"notebook":{"kernel":{"name":"python3","display_name":"Python 3.6","language":"python"},"originates_from":{"type":"file"},"runtime":{"environment":"jupconda36-a89015ba-9248-4ac3-ac51-239c4291cd99"}}},"attachments":[{"id":"f186f956-63ce-4bbe-a483-51c73c986e7a","version":2,"asset_type":"notebook","name":"attachment for notebook 0321a725-579a-47ef-9c20-757d7c33ee6e","description":"attachment for notebook 0321a725-579a-47ef-9c20-757d7c33ee6e","mime":"application/json","object_key":"notebook/Sending_Multiple_Scoring_Requests_to_Deployed_AutoAI_created_Model_copy_1_E1N3loFd_.ipynb","create_time":1590696485964,"size":5000,"is_remote":false,"is_managed":false,"is_referenced":true,"is_object_key_read_only":false,"is_user_provided_path_key":true,"transfer_complete":true,"is_partitioned":false,"complete_time_ticks":1590696485964,"user_data":{},"test_doc":0,"handle":{"key":"notebook/Sending_Multiple_Scoring_Requests_to_Deployed_AutoAI_created_Model_copy_1_E1N3loFd_.ipynb","upload_id":"done","max_part_num":1},"usage":{"access_count":0,"last_accessor_id":"icp4d-dev","last_access_time":1590696485964}}]}