{"metadata":{"asset_id":"f6cb9ea9-a22c-40cd-a38c-ff9a19c331d7","asset_attributes":["notebook"],"name":"Investigating Monitoring Results using UI of Watson Open Scale","asset_type":"notebook","created_at":"2020-05-28T20:08:05Z","description":"","origin_country":"us","owner_id":"1000331001","project_id":"a89015ba-9248-4ac3-ac51-239c4291cd99","sandbox_id":"a89015ba-9248-4ac3-ac51-239c4291cd99","size":3858788,"tags":["notebook"],"usage":{"last_update_time":1590696486207,"last_updated_at":"2020-05-28T20:08:06Z"}},"entity":{"notebook":{"kernel":"","originates_from":{"type":"file"},"runtime":{"environment":"jupconda36-a89015ba-9248-4ac3-ac51-239c4291cd99"}}},"attachments":[{"id":"947fe780-7524-4da6-bbe4-4c6965c36034","version":2,"asset_type":"notebook","name":"attachment for notebook f6cb9ea9-a22c-40cd-a38c-ff9a19c331d7","description":"attachment for notebook f6cb9ea9-a22c-40cd-a38c-ff9a19c331d7","mime":"application/json","object_key":"notebook/Step9_-_Viewing_Open_Scale_Monitoring_Re_Jux4bLoxp.ipynb","create_time":1590696486053,"size":3858788,"is_remote":false,"is_managed":false,"is_referenced":true,"is_object_key_read_only":false,"is_user_provided_path_key":true,"transfer_complete":true,"is_partitioned":false,"complete_time_ticks":1590696486053,"user_data":{},"test_doc":0,"handle":{"key":"notebook/Step9_-_Viewing_Open_Scale_Monitoring_Re_Jux4bLoxp.ipynb","upload_id":"done","max_part_num":1},"usage":{"access_count":0,"last_accessor_id":"icp4d-dev","last_access_time":1590696486053}}]}