{"metadata":{"asset_id":"4188ab6d-5bcc-4d00-8961-c7d1a9746647","asset_attributes":["notebook"],"name":"Data Preparation Using Pandas","asset_type":"notebook","created_at":"2020-05-28T20:08:06Z","description":"","origin_country":"us","owner_id":"1000331001","project_id":"a89015ba-9248-4ac3-ac51-239c4291cd99","sandbox_id":"a89015ba-9248-4ac3-ac51-239c4291cd99","size":117256,"tags":["notebook"],"usage":{"last_update_time":1590696486615,"last_updated_at":"2020-05-28T20:08:06Z"}},"entity":{"notebook":{"kernel":{"name":"python3","display_name":"Python 3.6","language":"python"},"originates_from":{"type":"file"},"runtime":{"environment":"jupconda36-a89015ba-9248-4ac3-ac51-239c4291cd99"}}},"attachments":[{"id":"72018ebd-90a6-49f9-b381-522641bc7bfe","version":2,"asset_type":"notebook","name":"attachment for notebook 4188ab6d-5bcc-4d00-8961-c7d1a9746647","description":"attachment for notebook 4188ab6d-5bcc-4d00-8961-c7d1a9746647","mime":"application/json","object_key":"notebook/Data_Preparation_using_Pandas_2soZfprDz.ipynb","create_time":1590696486482,"size":117256,"is_remote":false,"is_managed":false,"is_referenced":true,"is_object_key_read_only":false,"is_user_provided_path_key":true,"transfer_complete":true,"is_partitioned":false,"complete_time_ticks":1590696486482,"user_data":{},"test_doc":0,"handle":{"key":"notebook/Data_Preparation_using_Pandas_2soZfprDz.ipynb","upload_id":"done","max_part_num":1},"usage":{"access_count":0,"last_accessor_id":"icp4d-dev","last_access_time":1590696486482}}]}