{"metadata":{"asset_id":"90dc4e90-be30-44f1-ab5a-0485bcd93f8b","asset_attributes":["notebook"],"name":"Configuration of Monitors in Watson Open Scale for a specific Model","asset_type":"notebook","created_at":"2020-05-28T20:08:06Z","description":"","origin_country":"us","owner_id":"1000331001","project_id":"a89015ba-9248-4ac3-ac51-239c4291cd99","sandbox_id":"a89015ba-9248-4ac3-ac51-239c4291cd99","size":3303723,"tags":["notebook"],"usage":{"last_update_time":1590696486675,"last_updated_at":"2020-05-28T20:08:06Z"}},"entity":{"notebook":{"kernel":{"name":"python3","display_name":"Python 3.6","language":"python"},"originates_from":{"type":"file"},"runtime":{"environment":"jupconda36-a89015ba-9248-4ac3-ac51-239c4291cd99"}}},"attachments":[{"id":"b28dd06a-f989-47ba-ade9-0f9c0d29ec04","version":2,"asset_type":"notebook","name":"attachment for notebook 90dc4e90-be30-44f1-ab5a-0485bcd93f8b","description":"attachment for notebook 90dc4e90-be30-44f1-ab5a-0485bcd93f8b","mime":"application/json","object_key":"notebook/attachment_for_notebook_484c97ec_dab0_4b_QOzjV9XY9.ipynb","create_time":1590696486555,"size":3303723,"is_remote":false,"is_managed":false,"is_referenced":true,"is_object_key_read_only":false,"is_user_provided_path_key":true,"transfer_complete":true,"is_partitioned":false,"complete_time_ticks":1590696486555,"user_data":{},"test_doc":0,"handle":{"key":"notebook/attachment_for_notebook_484c97ec_dab0_4b_QOzjV9XY9.ipynb","upload_id":"done","max_part_num":1},"usage":{"access_count":0,"last_accessor_id":"icp4d-dev","last_access_time":1590696486555}}]}