{"metadata":{"asset_id":"150d83a2-48b0-441f-acc9-7f3ea6d0f410","asset_attributes":["notebook"],"name":"Creating a Bucket in IBM Cloud Object Storage","asset_type":"notebook","created_at":"2020-05-28T20:08:06Z","description":"","origin_country":"us","owner_id":"1000331001","project_id":"a89015ba-9248-4ac3-ac51-239c4291cd99","sandbox_id":"a89015ba-9248-4ac3-ac51-239c4291cd99","size":495587,"tags":["notebook"],"usage":{"last_update_time":1590696486627,"last_updated_at":"2020-05-28T20:08:06Z"}},"entity":{"notebook":{"kernel":{"name":"python3","display_name":"Python 3.6","language":"python"},"originates_from":{"type":"file"},"runtime":{"environment":"jupconda36-a89015ba-9248-4ac3-ac51-239c4291cd99"}}},"attachments":[{"id":"44a289cc-24c8-402a-a31e-53cddb4b2c16","version":2,"asset_type":"notebook","name":"attachment for notebook 150d83a2-48b0-441f-acc9-7f3ea6d0f410","description":"attachment for notebook 150d83a2-48b0-441f-acc9-7f3ea6d0f410","mime":"application/json","object_key":"notebook/attachment_for_notebook_d6cc8f6f_713b_48ce_bb23_f12b1f060052_67j955jdu8f5890pqri24rvqn","create_time":1590696486482,"size":495587,"is_remote":false,"is_managed":false,"is_referenced":true,"is_object_key_read_only":false,"is_user_provided_path_key":true,"transfer_complete":true,"is_partitioned":false,"complete_time_ticks":1590696486482,"user_data":{},"test_doc":0,"handle":{"key":"notebook/attachment_for_notebook_d6cc8f6f_713b_48ce_bb23_f12b1f060052_67j955jdu8f5890pqri24rvqn","upload_id":"done","max_part_num":1},"usage":{"access_count":0,"last_accessor_id":"icp4d-dev","last_access_time":1590696486482}}]}