{"metadata":{"asset_id":"c89d790c-3153-45b9-abec-858ba07ffe0f","asset_attributes":["notebook"],"name":"Developing Model Using Scikit-Learn","asset_type":"notebook","created_at":"2020-05-28T20:08:05Z","description":"","origin_country":"us","owner_id":"1000331001","project_id":"a89015ba-9248-4ac3-ac51-239c4291cd99","sandbox_id":"a89015ba-9248-4ac3-ac51-239c4291cd99","size":17344,"tags":["notebook"],"usage":{"last_update_time":1590696486218,"last_updated_at":"2020-05-28T20:08:06Z"}},"entity":{"notebook":{"kernel":{"name":"python3","display_name":"Python 3.6","language":"python"},"originates_from":{"type":"file"},"runtime":{"environment":"jupconda36-a89015ba-9248-4ac3-ac51-239c4291cd99"}}},"attachments":[{"id":"054efbec-8f92-44c5-93c3-5d569c27b68a","version":2,"asset_type":"notebook","name":"attachment for notebook c89d790c-3153-45b9-abec-858ba07ffe0f","description":"attachment for notebook c89d790c-3153-45b9-abec-858ba07ffe0f","mime":"application/json","object_key":"notebook/Developing_Model_using_Scikit_Learn_tkHRsFBHL.ipynb","create_time":1590696485938,"size":17344,"is_remote":false,"is_managed":false,"is_referenced":true,"is_object_key_read_only":false,"is_user_provided_path_key":true,"transfer_complete":true,"is_partitioned":false,"complete_time_ticks":1590696485938,"user_data":{},"test_doc":0,"handle":{"key":"notebook/Developing_Model_using_Scikit_Learn_tkHRsFBHL.ipynb","upload_id":"done","max_part_num":1},"usage":{"access_count":0,"last_accessor_id":"icp4d-dev","last_access_time":1590696485938}}]}