{"metadata":{"asset_id":"abec13a6-7c82-41cc-b59c-8377eb781f8c","asset_attributes":["notebook"],"name":"Add a Data Connection","asset_type":"notebook","created_at":"2020-05-28T20:16:26Z","description":"","origin_country":"us","owner_id":"1000331001","project_id":"a89015ba-9248-4ac3-ac51-239c4291cd99","sandbox_id":"a89015ba-9248-4ac3-ac51-239c4291cd99","size":755026,"tags":["notebook"],"usage":{"last_update_time":1590696987062,"last_updated_at":"2020-05-28T20:16:27Z"}},"entity":{"notebook":{"kernel":"","originates_from":{"type":"file"},"runtime":{"environment":"jupconda36-a89015ba-9248-4ac3-ac51-239c4291cd99"}}},"attachments":[{"id":"5a4e8560-bb97-4282-b04c-7e2e79c460e3","version":2,"asset_type":"notebook","name":"attachment for notebook abec13a6-7c82-41cc-b59c-8377eb781f8c","description":"attachment for notebook abec13a6-7c82-41cc-b59c-8377eb781f8c","mime":"application/json","object_key":"notebook/Add_a_Data_Connection_z5UIh0u-U.ipynb","create_time":1590696987062,"size":755026,"is_remote":false,"is_managed":false,"is_referenced":true,"is_object_key_read_only":false,"is_user_provided_path_key":true,"transfer_complete":true,"is_partitioned":false,"complete_time_ticks":1590696987062,"user_data":{},"test_doc":0,"handle":{"key":"notebook/Add_a_Data_Connection_z5UIh0u-U.ipynb","upload_id":"done","max_part_num":1},"usage":{"access_count":0,"last_accessor_id":"1000331001","last_access_time":1590696987062}}]}