{"metadata":{"asset_id":"c48d970b-5050-4aaa-a202-674f9e3f92e4","asset_attributes":["notebook"],"name":"Model Deployment Using Python","asset_type":"notebook","created_at":"2020-05-28T20:08:06Z","description":"","origin_country":"us","owner_id":"1000331001","project_id":"a89015ba-9248-4ac3-ac51-239c4291cd99","sandbox_id":"a89015ba-9248-4ac3-ac51-239c4291cd99","size":209949,"tags":["notebook"],"usage":{"last_update_time":1590696486671,"last_updated_at":"2020-05-28T20:08:06Z"}},"entity":{"notebook":{"kernel":{"name":"python3","display_name":"Python 3.6","language":"python"},"originates_from":{"type":"file"},"runtime":{"environment":"jupconda36-a89015ba-9248-4ac3-ac51-239c4291cd99"}}},"attachments":[{"id":"28bebde3-8703-4eaf-8a62-b840427e582b","version":2,"asset_type":"notebook","name":"attachment for notebook c48d970b-5050-4aaa-a202-674f9e3f92e4","description":"attachment for notebook c48d970b-5050-4aaa-a202-674f9e3f92e4","mime":"application/json","object_key":"notebook/Deploy_using_python_..._eibEG2vfS.ipynb","create_time":1590696486544,"size":209949,"is_remote":false,"is_managed":false,"is_referenced":true,"is_object_key_read_only":false,"is_user_provided_path_key":true,"transfer_complete":true,"is_partitioned":false,"complete_time_ticks":1590696486544,"user_data":{},"test_doc":0,"handle":{"key":"notebook/Deploy_using_python_..._eibEG2vfS.ipynb","upload_id":"done","max_part_num":1},"usage":{"access_count":0,"last_accessor_id":"icp4d-dev","last_access_time":1590696486544}}]}