{"metadata":{"asset_id":"8ee2bf75-c93e-43e9-842f-c7e8abed6185","asset_attributes":["notebook"],"name":"Configuration of Open Scale for a specific Model","asset_type":"notebook","created_at":"2020-05-28T20:08:05Z","description":"","origin_country":"us","owner_id":"1000331001","project_id":"a89015ba-9248-4ac3-ac51-239c4291cd99","sandbox_id":"a89015ba-9248-4ac3-ac51-239c4291cd99","size":826025,"tags":["notebook"],"usage":{"last_update_time":1590696486215,"last_updated_at":"2020-05-28T20:08:06Z"}},"entity":{"notebook":{"kernel":{"name":"python3","display_name":"Python 3.6","language":"python"},"originates_from":{"type":"file"},"runtime":{"environment":"jupconda36-a89015ba-9248-4ac3-ac51-239c4291cd99"}}},"attachments":[{"id":"418dfb46-8d5c-48c2-a1de-29a266b40dd2","version":2,"asset_type":"notebook","name":"attachment for notebook 8ee2bf75-c93e-43e9-842f-c7e8abed6185","description":"attachment for notebook 8ee2bf75-c93e-43e9-842f-c7e8abed6185","mime":"application/json","object_key":"notebook/Configuration_of_Open_Scale_for_a_specif_joX1Z1Dft.ipynb","create_time":1590696485972,"size":826025,"is_remote":false,"is_managed":false,"is_referenced":true,"is_object_key_read_only":false,"is_user_provided_path_key":true,"transfer_complete":true,"is_partitioned":false,"complete_time_ticks":1590696485972,"user_data":{},"test_doc":0,"handle":{"key":"notebook/Configuration_of_Open_Scale_for_a_specif_joX1Z1Dft.ipynb","upload_id":"done","max_part_num":1},"usage":{"access_count":0,"last_accessor_id":"icp4d-dev","last_access_time":1590696485972}}]}