{"metadata":{"asset_id":"afeb01cf-b1d1-4590-8373-b2c6d6a4a105","asset_attributes":["notebook"],"name":"Adding DB2 Connection from Catalog","asset_type":"notebook","created_at":"2020-05-28T20:08:05Z","description":"","origin_country":"us","owner_id":"1000331001","project_id":"a89015ba-9248-4ac3-ac51-239c4291cd99","sandbox_id":"a89015ba-9248-4ac3-ac51-239c4291cd99","size":289989,"tags":["notebook"],"usage":{"last_update_time":1590696485982,"last_updated_at":"2020-05-28T20:08:05Z"}},"entity":{"notebook":{"kernel":{"name":"python3","display_name":"Python 3.6","language":"python"},"originates_from":{"type":"file"},"runtime":{"environment":"jupconda36-a89015ba-9248-4ac3-ac51-239c4291cd99"}}},"attachments":[{"id":"d09cc284-72a6-4130-b8c6-08ec759b74d4","version":2,"asset_type":"notebook","name":"attachment for notebook afeb01cf-b1d1-4590-8373-b2c6d6a4a105","description":"attachment for notebook afeb01cf-b1d1-4590-8373-b2c6d6a4a105","mime":"application/json","object_key":"notebook/Creating_DB2_Connection_SEjsHLfoj_chJOsUbYn.ipynb","create_time":1590696485778,"size":289989,"is_remote":false,"is_managed":false,"is_referenced":true,"is_object_key_read_only":false,"is_user_provided_path_key":true,"transfer_complete":true,"is_partitioned":false,"complete_time_ticks":1590696485778,"user_data":{},"test_doc":0,"handle":{"key":"notebook/Creating_DB2_Connection_SEjsHLfoj_chJOsUbYn.ipynb","upload_id":"done","max_part_num":1},"usage":{"access_count":0,"last_accessor_id":"icp4d-dev","last_access_time":1590696485778}}]}