{"metadata":{"asset_id":"035a757c-c901-4164-9c76-20578ea31fb1","asset_attributes":["notebook"],"name":"Deployment of Model using Watson Machine Learning","asset_type":"notebook","created_at":"2020-05-28T20:08:05Z","description":"","origin_country":"us","owner_id":"1000331001","project_id":"a89015ba-9248-4ac3-ac51-239c4291cd99","sandbox_id":"a89015ba-9248-4ac3-ac51-239c4291cd99","size":1859802,"tags":["notebook"],"usage":{"last_update_time":1590696486210,"last_updated_at":"2020-05-28T20:08:06Z"}},"entity":{"notebook":{"kernel":{"name":"python3","display_name":"Python 3.6","language":"python"},"originates_from":{"type":"file"},"runtime":{"environment":"jupconda36-a89015ba-9248-4ac3-ac51-239c4291cd99"}}},"attachments":[{"id":"8fa2331b-acc0-4e54-99f1-aae6469dd59d","version":2,"asset_type":"notebook","name":"attachment for notebook 035a757c-c901-4164-9c76-20578ea31fb1","description":"attachment for notebook 035a757c-c901-4164-9c76-20578ea31fb1","mime":"application/json","object_key":"notebook/Step_3_-_Deploy_Model_to_WML_using_API_copy_1_NynANTi2P.ipynb","create_time":1590696485964,"size":1859802,"is_remote":false,"is_managed":false,"is_referenced":true,"is_object_key_read_only":false,"is_user_provided_path_key":true,"transfer_complete":true,"is_partitioned":false,"complete_time_ticks":1590696485964,"user_data":{},"test_doc":0,"handle":{"key":"notebook/Step_3_-_Deploy_Model_to_WML_using_API_copy_1_NynANTi2P.ipynb","upload_id":"done","max_part_num":1},"usage":{"access_count":0,"last_accessor_id":"icp4d-dev","last_access_time":1590696485964}}]}