{"metadata":{"asset_id":"1a92fd7f-5bd2-48fb-8470-14a07b849094","asset_attributes":["notebook"],"name":"Getting Prediction From Deployed Model","asset_type":"notebook","created_at":"2020-05-28T20:08:05Z","description":"","origin_country":"us","owner_id":"1000331001","project_id":"a89015ba-9248-4ac3-ac51-239c4291cd99","sandbox_id":"a89015ba-9248-4ac3-ac51-239c4291cd99","size":3815,"tags":["notebook"],"usage":{"last_update_time":1590696486049,"last_updated_at":"2020-05-28T20:08:06Z"}},"entity":{"notebook":{"kernel":{"name":"python3","display_name":"Python 3.6","language":"python"},"originates_from":{"type":"file"},"runtime":{"environment":"jupconda36-a89015ba-9248-4ac3-ac51-239c4291cd99"}}},"attachments":[{"id":"74eea8b8-f28b-4214-8e5a-d8de292e31a9","version":2,"asset_type":"notebook","name":"attachment for notebook 1a92fd7f-5bd2-48fb-8470-14a07b849094","description":"attachment for notebook 1a92fd7f-5bd2-48fb-8470-14a07b849094","mime":"application/json","object_key":"notebook/Get_prediction_from_deployed_model_v8zT80M_J.ipynb","create_time":1590696485863,"size":3815,"is_remote":false,"is_managed":false,"is_referenced":true,"is_object_key_read_only":false,"is_user_provided_path_key":true,"transfer_complete":true,"is_partitioned":false,"complete_time_ticks":1590696485863,"user_data":{},"test_doc":0,"handle":{"key":"notebook/Get_prediction_from_deployed_model_v8zT80M_J.ipynb","upload_id":"done","max_part_num":1},"usage":{"access_count":0,"last_accessor_id":"icp4d-dev","last_access_time":1590696485863}}]}