{"metadata":{"asset_id":"67de2957-d693-4206-9518-98985ccb58ec","asset_attributes":["data_asset"],"name":"customer_churn_quality_feedback.csv","asset_type":"data_asset","created_at":"2020-04-17T00:23:22Z","description":"","origin_country":"us","owner_id":"1000331155","project_id":"2c9efe25-6178-42c1-96f2-72274ed83dae","sandbox_id":"2c9efe25-6178-42c1-96f2-72274ed83dae","size":3680,"tags":[],"usage":{"last_update_time":1587083003373,"last_updated_at":"2020-04-17T00:23:23Z"}},"entity":{"data_asset":{"mime_type":"text/csv","dataset":false}},"attachments":[{"id":"68755435-dbec-4e6e-a7e8-82e0a27bd2c9","version":2,"asset_type":"data_asset","name":"ENHANCED_CUSTOMER_HISTORY_AUTOAI_FEEDBACK.csv","mime":"text/csv","object_key":"data_asset/ENHANCED_CUSTOMER_HISTORY_AUTOAI_FEEDBACK.csv","create_time":1587083003288,"size":3680,"is_remote":false,"is_managed":false,"is_referenced":true,"is_object_key_read_only":false,"is_user_provided_path_key":true,"transfer_complete":true,"is_partitioned":false,"complete_time_ticks":1587083003288,"user_data":{},"test_doc":0,"handle":{"key":"data_asset/ENHANCED_CUSTOMER_HISTORY_AUTOAI_FEEDBACK.csv","upload_id":"done","max_part_num":1},"usage":{"access_count":0,"last_accessor_id":"icp4d-dev","last_access_time":1587083003288}}]}