{"metadata":{"asset_id":"04a50528-c721-466e-a887-e30e48826027","asset_attributes":["data_asset"],"name":"customer_usage_history.csv","asset_type":"data_asset","created_at":"2020-04-17T00:23:22Z","description":"","origin_country":"us","owner_id":"1000331155","project_id":"2c9efe25-6178-42c1-96f2-72274ed83dae","sandbox_id":"2c9efe25-6178-42c1-96f2-72274ed83dae","size":62844,"tags":[],"usage":{"last_update_time":1587083003364,"last_updated_at":"2020-04-17T00:23:23Z"}},"entity":{"data_asset":{"mime_type":"text/csv","dataset":false}},"attachments":[{"id":"c325b106-8ff0-457f-a721-65130a583870","version":2,"asset_type":"data_asset","name":"customer_usage_history.csv","mime":"text/csv","object_key":"data_asset/customer_usage_history.csv","create_time":1587083003279,"size":62844,"is_remote":false,"is_managed":false,"is_referenced":true,"is_object_key_read_only":false,"is_user_provided_path_key":true,"transfer_complete":true,"is_partitioned":false,"complete_time_ticks":1587083003279,"user_data":{},"test_doc":0,"handle":{"key":"data_asset/customer_usage_history.csv","upload_id":"done","max_part_num":1},"usage":{"access_count":0,"last_accessor_id":"icp4d-dev","last_access_time":1587083003279}}]}