{"metadata":{"asset_id":"2a12c3a7-a6d3-405a-8a71-74c626fb0936","asset_attributes":["notebook"],"name":"Getting Prediction from Model using REST for consuming Insight","asset_type":"notebook","created_at":"2020-04-17T00:23:23Z","description":"","origin_country":"us","owner_id":"1000331155","project_id":"2c9efe25-6178-42c1-96f2-72274ed83dae","sandbox_id":"2c9efe25-6178-42c1-96f2-72274ed83dae","size":302480,"tags":["notebook"],"usage":{"last_update_time":1587083004063,"last_updated_at":"2020-04-17T00:23:24Z"}},"entity":{"notebook":{"kernel":{"name":"python3","display_name":"Python 3.6","language":"python"},"originates_from":{"type":"file"},"runtime":{"environment":"jupconda36-2c9efe25-6178-42c1-96f2-72274ed83dae"}}},"attachments":[{"id":"c48379f0-2e1b-44e5-a2be-66e8a62981e1","version":2,"asset_type":"notebook","name":"attachment for notebook 2a12c3a7-a6d3-405a-8a71-74c626fb0936","description":"attachment for notebook 2a12c3a7-a6d3-405a-8a71-74c626fb0936","mime":"application/json","object_key":"notebook/Getting_Prediction_from_Model_using_REST_96kAQkJMX.ipynb","create_time":1587083003968,"size":302480,"is_remote":false,"is_managed":false,"is_referenced":true,"is_object_key_read_only":false,"is_user_provided_path_key":true,"transfer_complete":true,"is_partitioned":false,"complete_time_ticks":1587083003968,"user_data":{},"test_doc":0,"handle":{"key":"notebook/Getting_Prediction_from_Model_using_REST_96kAQkJMX.ipynb","upload_id":"done","max_part_num":1},"usage":{"access_count":0,"last_accessor_id":"icp4d-dev","last_access_time":1587083003968}}]}