{"metadata":{"asset_id":"aab841b4-e5c4-4d74-ba86-62d214464a40","asset_attributes":["notebook"],"name":"Investigating Monitoring Results using UI of Watson Open Scale","asset_type":"notebook","created_at":"2020-04-17T00:23:24Z","description":"","origin_country":"us","owner_id":"1000331155","project_id":"2c9efe25-6178-42c1-96f2-72274ed83dae","sandbox_id":"2c9efe25-6178-42c1-96f2-72274ed83dae","size":3581335,"tags":["notebook"],"usage":{"last_update_time":1587083004442,"last_updated_at":"2020-04-17T00:23:24Z"}},"entity":{"notebook":{"kernel":{"name":"python3","display_name":"Python 3.6","language":"python"},"originates_from":{"type":"file"},"runtime":{"environment":"jupconda36-2c9efe25-6178-42c1-96f2-72274ed83dae"}}},"attachments":[{"id":"b051c198-afbe-4a90-a582-064b1963768c","version":2,"asset_type":"notebook","name":"attachment for notebook aab841b4-e5c4-4d74-ba86-62d214464a40","description":"attachment for notebook aab841b4-e5c4-4d74-ba86-62d214464a40","mime":"application/json","object_key":"notebook/Step9_-_Viewing_Open_Scale_Monitoring_Re_rN2dC8Vj2.ipynb","create_time":1587083004328,"size":3581335,"is_remote":false,"is_managed":false,"is_referenced":true,"is_object_key_read_only":false,"is_user_provided_path_key":true,"transfer_complete":true,"is_partitioned":false,"complete_time_ticks":1587083004328,"user_data":{},"test_doc":0,"handle":{"key":"notebook/Step9_-_Viewing_Open_Scale_Monitoring_Re_rN2dC8Vj2.ipynb","upload_id":"done","max_part_num":1},"usage":{"access_count":0,"last_accessor_id":"icp4d-dev","last_access_time":1587083004328}}]}