{"metadata":{"asset_id":"228ca9cb-daf0-4c57-aa41-70edabb303db","asset_attributes":["notebook"],"name":"Sending Multiple Scoring Requests to Deployed AutoAI created Model","asset_type":"notebook","created_at":"2020-04-17T00:23:23Z","description":"","origin_country":"us","owner_id":"1000331155","project_id":"2c9efe25-6178-42c1-96f2-72274ed83dae","sandbox_id":"2c9efe25-6178-42c1-96f2-72274ed83dae","size":23414,"tags":["notebook"],"usage":{"last_update_time":1587083004055,"last_updated_at":"2020-04-17T00:23:24Z"}},"entity":{"notebook":{"kernel":{"name":"python3","display_name":"Python 3.6","language":"python"},"originates_from":{"type":"file"},"runtime":{"environment":"jupconda36-2c9efe25-6178-42c1-96f2-72274ed83dae"}}},"attachments":[{"id":"e19a23ef-d2f2-476d-94e5-55d873af2d1e","version":2,"asset_type":"notebook","name":"attachment for notebook 228ca9cb-daf0-4c57-aa41-70edabb303db","description":"attachment for notebook 228ca9cb-daf0-4c57-aa41-70edabb303db","mime":"application/json","object_key":"notebook/AutoAI_Payload_Scoring_Request_YJHJ2QLno.ipynb","create_time":1587083003957,"size":23414,"is_remote":false,"is_managed":false,"is_referenced":true,"is_object_key_read_only":false,"is_user_provided_path_key":true,"transfer_complete":true,"is_partitioned":false,"complete_time_ticks":1587083003957,"user_data":{},"test_doc":0,"handle":{"key":"notebook/AutoAI_Payload_Scoring_Request_YJHJ2QLno.ipynb","upload_id":"done","max_part_num":1},"usage":{"access_count":0,"last_accessor_id":"icp4d-dev","last_access_time":1587083003957}}]}