{"metadata":{"asset_id":"a367c22f-97cb-47d1-a1bf-12aead79656a","asset_attributes":["notebook"],"name":"Deployment of Model using Watson Machine Learning","asset_type":"notebook","created_at":"2020-04-17T00:23:23Z","description":"","origin_country":"us","owner_id":"1000331155","project_id":"2c9efe25-6178-42c1-96f2-72274ed83dae","sandbox_id":"2c9efe25-6178-42c1-96f2-72274ed83dae","size":1859767,"tags":["notebook"],"usage":{"last_update_time":1587083004022,"last_updated_at":"2020-04-17T00:23:24Z"}},"entity":{"notebook":{"kernel":{"name":"python3","display_name":"Python 3.6","language":"python"},"originates_from":{"type":"file"},"runtime":{"environment":"jupconda36-2c9efe25-6178-42c1-96f2-72274ed83dae"}}},"attachments":[{"id":"dd019e20-d500-4888-9bdd-22b9dbb8119c","version":2,"asset_type":"notebook","name":"attachment for notebook a367c22f-97cb-47d1-a1bf-12aead79656a","description":"attachment for notebook a367c22f-97cb-47d1-a1bf-12aead79656a","mime":"application/json","object_key":"notebook/Step_3_-_Deploy_Model_to_WML_using_API_copy_1_NynANTi2P.ipynb","create_time":1587083003900,"size":1859767,"is_remote":false,"is_managed":false,"is_referenced":true,"is_object_key_read_only":false,"is_user_provided_path_key":true,"transfer_complete":true,"is_partitioned":false,"complete_time_ticks":1587083003900,"user_data":{},"test_doc":0,"handle":{"key":"notebook/Step_3_-_Deploy_Model_to_WML_using_API_copy_1_NynANTi2P.ipynb","upload_id":"done","max_part_num":1},"usage":{"access_count":0,"last_accessor_id":"icp4d-dev","last_access_time":1587083003900}}]}