{"metadata":{"asset_id":"232dbcf6-e3f1-4c0d-8d2b-e99a00b960c0","asset_attributes":["notebook"],"name":"Configuring Watson Open Scale using UI","asset_type":"notebook","created_at":"2020-04-17T00:23:23Z","description":"","origin_country":"us","owner_id":"1000331155","project_id":"2c9efe25-6178-42c1-96f2-72274ed83dae","sandbox_id":"2c9efe25-6178-42c1-96f2-72274ed83dae","size":288689,"tags":["notebook"],"usage":{"last_update_time":1587083003938,"last_updated_at":"2020-04-17T00:23:23Z"}},"entity":{"notebook":{"kernel":{"name":"python3","display_name":"Python 3.6","language":"python"},"originates_from":{"type":"file"},"runtime":{"environment":"jupconda36-2c9efe25-6178-42c1-96f2-72274ed83dae"}}},"attachments":[{"id":"af42c5c1-a08f-4dd6-8688-9b1dcd70facc","version":2,"asset_type":"notebook","name":"attachment for notebook 232dbcf6-e3f1-4c0d-8d2b-e99a00b960c0","description":"attachment for notebook 232dbcf6-e3f1-4c0d-8d2b-e99a00b960c0","mime":"application/json","object_key":"notebook/Step4_-_Configuring_Watson_Open_Scale_klZsB3I-8.ipynb","create_time":1587083003831,"size":288689,"is_remote":false,"is_managed":false,"is_referenced":true,"is_object_key_read_only":false,"is_user_provided_path_key":true,"transfer_complete":true,"is_partitioned":false,"complete_time_ticks":1587083003831,"user_data":{},"test_doc":0,"handle":{"key":"notebook/Step4_-_Configuring_Watson_Open_Scale_klZsB3I-8.ipynb","upload_id":"done","max_part_num":1},"usage":{"access_count":0,"last_accessor_id":"icp4d-dev","last_access_time":1587083003831}}]}