{"metadata":{"asset_id":"d429c20e-5d91-4b3e-a64e-51edd9960bc0","asset_attributes":["notebook"],"name":"Data Preparation using Data Refinery","asset_type":"notebook","created_at":"2020-04-17T00:23:23Z","description":"","origin_country":"us","owner_id":"1000331155","project_id":"2c9efe25-6178-42c1-96f2-72274ed83dae","sandbox_id":"2c9efe25-6178-42c1-96f2-72274ed83dae","size":5876055,"tags":["notebook"],"usage":{"last_update_time":1587083004184,"last_updated_at":"2020-04-17T00:23:24Z"}},"entity":{"notebook":{"kernel":{"name":"python3","display_name":"Python 3.6","language":"python"},"originates_from":{"type":"file"},"runtime":{"environment":"jupconda36-2c9efe25-6178-42c1-96f2-72274ed83dae"}}},"attachments":[{"id":"274a7bdf-4058-4d49-a380-c69b0bd0f48e","version":2,"asset_type":"notebook","name":"attachment for notebook d429c20e-5d91-4b3e-a64e-51edd9960bc0","description":"attachment for notebook d429c20e-5d91-4b3e-a64e-51edd9960bc0","mime":"application/json","object_key":"notebook/Data_Preparation_using_Data_Refinery_EEp_Sj4Qq.ipynb","create_time":1587083003950,"size":5876055,"is_remote":false,"is_managed":false,"is_referenced":true,"is_object_key_read_only":false,"is_user_provided_path_key":true,"transfer_complete":true,"is_partitioned":false,"complete_time_ticks":1587083003950,"user_data":{},"test_doc":0,"handle":{"key":"notebook/Data_Preparation_using_Data_Refinery_EEp_Sj4Qq.ipynb","upload_id":"done","max_part_num":1},"usage":{"access_count":0,"last_accessor_id":"icp4d-dev","last_access_time":1587083003950}}]}