{"metadata":{"asset_id":"6b2e087a-fa38-42ed-8646-50bd534393d3","asset_attributes":["notebook"],"name":"Creating a Bucket in IBM Cloud Object Storage","asset_type":"notebook","created_at":"2020-04-17T00:23:23Z","description":"","origin_country":"us","owner_id":"1000331155","project_id":"2c9efe25-6178-42c1-96f2-72274ed83dae","sandbox_id":"2c9efe25-6178-42c1-96f2-72274ed83dae","size":495587,"tags":["notebook"],"usage":{"last_update_time":1587083004126,"last_updated_at":"2020-04-17T00:23:24Z"}},"entity":{"notebook":{"kernel":{"name":"python3","display_name":"Python 3.6","language":"python"},"originates_from":{"type":"file"},"runtime":{"environment":"jupconda36-2c9efe25-6178-42c1-96f2-72274ed83dae"}}},"attachments":[{"id":"226076b5-3e9c-4cbf-8629-50ef3c11d19c","version":2,"asset_type":"notebook","name":"attachment for notebook 6b2e087a-fa38-42ed-8646-50bd534393d3","description":"attachment for notebook 6b2e087a-fa38-42ed-8646-50bd534393d3","mime":"application/json","object_key":"notebook/attachment_for_notebook_d6cc8f6f_713b_48ce_bb23_f12b1f060052_67j955jdu8f5890pqri24rvqn","create_time":1587083004015,"size":495587,"is_remote":false,"is_managed":false,"is_referenced":true,"is_object_key_read_only":false,"is_user_provided_path_key":true,"transfer_complete":true,"is_partitioned":false,"complete_time_ticks":1587083004015,"user_data":{},"test_doc":0,"handle":{"key":"notebook/attachment_for_notebook_d6cc8f6f_713b_48ce_bb23_f12b1f060052_67j955jdu8f5890pqri24rvqn","upload_id":"done","max_part_num":1},"usage":{"access_count":0,"last_accessor_id":"icp4d-dev","last_access_time":1587083004015}}]}