{"metadata":{"asset_id":"0ce86361-320a-4acc-9a5e-aca32c5c442e","asset_attributes":["notebook"],"name":"Overview-AutoAI Master Notebook","asset_type":"notebook","created_at":"2020-04-17T00:23:23Z","description":"","origin_country":"us","owner_id":"1000331155","project_id":"2c9efe25-6178-42c1-96f2-72274ed83dae","sandbox_id":"2c9efe25-6178-42c1-96f2-72274ed83dae","size":1151488,"tags":["notebook"],"usage":{"last_update_time":1587142678104,"last_updated_at":"2020-04-17T16:57:58Z"}},"entity":{"notebook":{"kernel":{"name":"python3","display_name":"Python 3.6","language":"python"},"originates_from":{"type":"file"},"runtime":{"environment":"jupconda36-2c9efe25-6178-42c1-96f2-72274ed83dae"}}},"attachments":[{"id":"87fc04ce-7c37-4fa0-8c21-9c819b589502","version":2,"asset_type":"notebook","name":"attachment for notebook 0ce86361-320a-4acc-9a5e-aca32c5c442e","description":"attachment for notebook 0ce86361-320a-4acc-9a5e-aca32c5c442e","mime":"application/json","object_key":"notebook/Overview-AutoAI_Master_Notebookv2_3XZub7N0H.ipynb","create_time":1587083003965,"size":1151488,"is_remote":false,"is_managed":false,"is_referenced":true,"is_object_key_read_only":false,"is_user_provided_path_key":true,"transfer_complete":true,"is_partitioned":false,"complete_time_ticks":1587083003965,"user_data":{},"test_doc":0,"handle":{"key":"notebook/Overview-AutoAI_Master_Notebookv2_3XZub7N0H.ipynb","upload_id":"done","max_part_num":1},"usage":{"access_count":0,"last_accessor_id":"icp4d-dev","last_access_time":1587083003965}}]}