{"metadata":{"asset_id":"2d49cdc4-3e45-4bec-8f83-8d126822bf3e","asset_attributes":["notebook"],"name":"Configuration of Open Scale for a specific Model","asset_type":"notebook","created_at":"2020-04-17T00:23:23Z","description":"","origin_country":"us","owner_id":"1000331155","project_id":"2c9efe25-6178-42c1-96f2-72274ed83dae","sandbox_id":"2c9efe25-6178-42c1-96f2-72274ed83dae","size":825857,"tags":["notebook"],"usage":{"last_update_time":1587142696276,"last_updated_at":"2020-04-17T16:58:16Z"}},"entity":{"notebook":{"kernel":{"name":"python3","display_name":"Python 3.6","language":"python"},"originates_from":{"type":"file"},"runtime":{"environment":"jupconda36-2c9efe25-6178-42c1-96f2-72274ed83dae"}}},"attachments":[{"id":"a51808a6-ec54-4e33-a970-d89ce402902d","version":2,"asset_type":"notebook","name":"attachment for notebook 2d49cdc4-3e45-4bec-8f83-8d126822bf3e","description":"attachment for notebook 2d49cdc4-3e45-4bec-8f83-8d126822bf3e","mime":"application/json","object_key":"notebook/Step5_-_Add_Deployment_and_Configure_Mod_6hbCyePRu.ipynb","create_time":1587083004029,"size":825857,"is_remote":false,"is_managed":false,"is_referenced":true,"is_object_key_read_only":false,"is_user_provided_path_key":true,"transfer_complete":true,"is_partitioned":false,"complete_time_ticks":1587083004029,"user_data":{},"test_doc":0,"handle":{"key":"notebook/Step5_-_Add_Deployment_and_Configure_Mod_6hbCyePRu.ipynb","upload_id":"done","max_part_num":1},"usage":{"access_count":0,"last_accessor_id":"icp4d-dev","last_access_time":1587083004029}}]}