{"metadata":{"asset_id":"bde4e7de-680f-4fbe-a752-ee66d50ba6fe","asset_attributes":["notebook"],"name":"Adding a Data Connection","asset_type":"notebook","created_at":"2020-04-17T00:23:23Z","description":"","origin_country":"us","owner_id":"1000331155","project_id":"2c9efe25-6178-42c1-96f2-72274ed83dae","sandbox_id":"2c9efe25-6178-42c1-96f2-72274ed83dae","size":1051850,"tags":["notebook"],"usage":{"last_update_time":1587083004186,"last_updated_at":"2020-04-17T00:23:24Z"}},"entity":{"notebook":{"kernel":{"name":"python3","display_name":"Python 3.6","language":"python"},"originates_from":{"type":"file"},"runtime":{"environment":"jupconda36-2c9efe25-6178-42c1-96f2-72274ed83dae"}}},"attachments":[{"id":"e0ec1878-917c-4c69-92ec-52d03af6beca","version":2,"asset_type":"notebook","name":"attachment for notebook bde4e7de-680f-4fbe-a752-ee66d50ba6fe","description":"attachment for notebook bde4e7de-680f-4fbe-a752-ee66d50ba6fe","mime":"application/json","object_key":"notebook/attachment_for_notebook_3ebe13ce_f1d7_4b06_88e6_9d3a8b33ea87_3gddgcrmq3zd4k968z7ago5xb","create_time":1587083004009,"size":1051850,"is_remote":false,"is_managed":false,"is_referenced":true,"is_object_key_read_only":false,"is_user_provided_path_key":true,"transfer_complete":true,"is_partitioned":false,"complete_time_ticks":1587083004009,"user_data":{},"test_doc":0,"handle":{"key":"notebook/attachment_for_notebook_3ebe13ce_f1d7_4b06_88e6_9d3a8b33ea87_3gddgcrmq3zd4k968z7ago5xb","upload_id":"done","max_part_num":1},"usage":{"access_count":0,"last_accessor_id":"icp4d-dev","last_access_time":1587083004009}}]}