{"metadata":{"asset_id":"ba8d04be-a3c7-4da1-b438-24c611aaa698","asset_attributes":["notebook"],"name":"Configuration of Monitors in Watson Open Scale for a specific Model","asset_type":"notebook","created_at":"2020-04-17T00:23:23Z","description":"","origin_country":"us","owner_id":"1000331155","project_id":"2c9efe25-6178-42c1-96f2-72274ed83dae","sandbox_id":"2c9efe25-6178-42c1-96f2-72274ed83dae","size":1720341,"tags":["notebook"],"usage":{"last_update_time":1587142687702,"last_updated_at":"2020-04-17T16:58:07Z"}},"entity":{"notebook":{"kernel":{"name":"python3","display_name":"Python 3.6","language":"python"},"originates_from":{"type":"file"},"runtime":{"environment":"jupconda36-2c9efe25-6178-42c1-96f2-72274ed83dae"}}},"attachments":[{"id":"7d4c290a-c6ca-4e78-b4de-0619de24e3f5","version":2,"asset_type":"notebook","name":"attachment for notebook ba8d04be-a3c7-4da1-b438-24c611aaa698","description":"attachment for notebook ba8d04be-a3c7-4da1-b438-24c611aaa698","mime":"application/json","object_key":"notebook/attachment_for_notebook_484c97ec_dab0_4b04_b321_52beb4fc156a_363dyjoxupeufihvu50ny4jvm","create_time":1587083003808,"size":1720341,"is_remote":false,"is_managed":false,"is_referenced":true,"is_object_key_read_only":false,"is_user_provided_path_key":true,"transfer_complete":true,"is_partitioned":false,"complete_time_ticks":1587083003808,"user_data":{},"test_doc":0,"handle":{"key":"notebook/attachment_for_notebook_484c97ec_dab0_4b04_b321_52beb4fc156a_363dyjoxupeufihvu50ny4jvm","upload_id":"done","max_part_num":1},"usage":{"access_count":0,"last_accessor_id":"icp4d-dev","last_access_time":1587083003808}}]}